,47602
s,845
a,751
re,733
o,641
un,615
p,585
in,550
i,529
c,504
t,496
b,484
m,475
d,471
e,433
r,391
de,340
l,337
w,322
f,322
h,310
dis,310
n,299
en,268
over,261
be,223
out,199
mis,165
g,157
under,146
wi,126
air,90
fore,79
inter,71
water,69
back,69
sub,65
high,58
up,55
sea,54
tele,53
ill,51
counter,51
ste,50
trans,49
ear,49
bro,49
per,47
bul,47
fire,45
tea,44
self,44
foot,44
ove,42
car,42
free,40
cross,40
sof,37
double,37
ant,36
side,35
pro,35
non,34
night,34
hand,34
land,33
eye,33
news,32
house,32
ex,32
wind,31
low,31
ice,31
hip,31
black,28
short,27
blood,27
all,27
snow,26
long,26
gas,26
fly,26
by,26
pot,25
half,25
door,25
wood,24
play,24
head,24
semi,23
post,23
cat,23
book,23
time,22
photo,22
war,21
oil,21
off,21
well,20
window,19
watch,19
sur,19
sky,19
safety,19
pan,19
arm,19
radio,18
life,18
fish,18
weather,17
wash,17
type,17
shop,17
j,17
horse,17
dog,17
blue,17
word,16
tri,16
storm,16
stone,16
sand,16
grand,16
gold,16
fox,16
copy,16
table,15
super,15
rock,15
lock,15
face,15
brain,15
bell,15
turn,14
tooth,14
tit,14
ring,14
par,14
micro,14
jack,14
egg,14
cro,14
arch,14
u,13
stock,13
space,13
quick,13
quarter,13
mono,13
money,13
death,13
corn,13
coal,13
chain,13
after,13
sound,12
skin,12
shoe,12
school,12
rope,12
rip,12
press,12
name,12
landing,12
god,12
game,12
check,12
best,12
L,12
worm,11
sugar,11
slip,11
sick,11
road,11
rain,11
pay,11
nose,11
mud,11
loud,11
kilo,11
heart,11
far,11
down,11
C,11
wing,10
shirt,10
paper,10
milk,10
mid,10
home,10
hedge,10
hay,10
finger,10
dust,10
cut,10
barn,10
band,10
T,10
S,10
three,9
steam,9
some,9
retro,9
phone,9
nut,9
moth,9
ideo,9
hare,9
ground,9
dry,9
breast,9
better,9
auto,9
Non,9
M,9
',9
work,8
white,8
waste,8
toast,8
title,8
thunder,8
thumb,8
tail,8
ski,8
single,8
riding,8
rabbit,8
prayer,8
place,8
ox,8
opera,8
muck,8
litter,8
litt,8
honey,8
highest,8
higher,8
gate,8
four,8
field,8
dumb,8
day,8
cotton,8
coll,8
cock,8
class,8
chimney,8
brick,8
bread,8
bird,8
bathing,8
baby,8
aero,8
A,8
town,7
tie,7
swimming,7
spring,7
spell,7
sight,7
seed,7
salt,7
safe,7
rack,7
race,7
pipe,7
neck,7
musk,7
moon,7
middle,7
mega,7
may,7
match,7
market,7
litho,7
key,7
jerry,7
iron,7
ink,7
hop,7
earth,7
crash,7
butter,7
bottle,7
bomb,7
bob,7
boat,7
battle,7
yard,6
woul,6
woman,6
wine,6
wicket,6
where,6
wheel,6
wag,6
tight,6
task,6
sweet,6
star,6
stair,6
sports,6
spirit,6
speaking,6
soda,6
smoke,6
sleepw,6
sketch,6
show,6
shoulder,6
shooting,6
shep,6
rust,6
roller,6
right,6
pruning,6
powder,6
pillow,6
penny,6
nit,6
nail,6
music,6
motor,6
luggage,6
left,6
jayw,6
hitch,6
gum,6
good,6
golf,6
goal,6
globe,6
foster,6
flash,6
eaves,6
drinking,6
dive,6
dinner,6
demi,6
deep,6
curtain,6
clothes,6
cigarette,6
centi,6
carpet,6
camp,6
cable,6
bush,6
body,6
birth,6
aqua,6
ann,6
angle,6
world,5
wool,5
who,5
what,5
wayl,5
turtle,5
strip,5
stand,5
stage,5
southe,5
south,5
smoking,5
small,5
silver,5
scrum,5
rattle,5
punch,5
prize,5
pole,5
pilot,5
pea,5
pack,5
naturo,5
multi,5
moor,5
mine,5
log,5
lip,5
lime,5
light,5
letter,5
leaf,5
lady,5
king,5
irre,5
horn,5
hob,5
heat,5
ham,5
green,5
grape,5
glass,5
full,5
frog,5
force,5
folk,5
flat,5
eating,5
drum,5
diving,5
desserts,5
crab,5
candle,5
boy,5
bow,5
bar,5
bag,5
V,5
R,5
E,5
wolf,4
video,4
two,4
trolley,4
towel,4
touch,4
tone,4
threshing,4
teeny,4
tax,4
tape,4
strong,4
strike,4
street,4
stomach,4
stoke,4
steel,4
starting,4
stamp,4
spy,4
spread,4
spoon,4
spindle,4
speed,4
sour,4
snap,4
sluice,4
slap,4
six,4
shot,4
shin,4
sheet,4
sheep,4
sharp,4
search,4
scene,4
scape,4
sailing,4
rubber,4
rowan,4
rough,4
rose,4
roof,4
rood,4
rocket,4
rifle,4
rate,4
question,4
q,4
push,4
psycho,4
priest,4
pressure,4
power,4
pork,4
polling,4
pinpoi,4
pile,4
pick,4
pepper,4
pearl,4
pass,4
party,4
oyster,4
owner,4
oscillo,4
organ,4
order,4
omni,4
note,4
nickel,4
nick,4
nerve,4
mouth,4
monkey,4
molly,4
mezzo,4
meta,4
medicine,4
mass,4
lug,4
loan,4
lightning,4
lieu,4
lease,4
law,4
launching,4
kick,4
keel,4
joy,4
intra,4
hydro,4
hunger,4
hot,4
hood,4
help,4
hard,4
grey,4
gran,4
gra,4
girl,4
ginger,4
galley,4
fruit,4
front,4
freezing,4
flying,4
flood,4
flag,4
fishing,4
first,4
electroencephalo,4
electro,4
elder,4
duck,4
drop,4
driving,4
dressing,4
draw,4
depth,4
dare,4
dance,4
copper,4
concert,4
common,4
coast,4
close,4
clam,4
cine,4
church,4
choir,4
carving,4
candy,4
cacao,4
bug,4
bride,4
breech,4
brandy,4
boxing,4
bone,4
billiard,4
behavi,4
bean,4
bath,4
bankr,4
ballet,4
armour,4
any,4
age,4
B,4
yule,3
writing,3
willow,3
west,3
way,3
trap,3
tip,3
thorough,3
thirdr,3
thermo,3
there,3
synchro,3
straw,3
straight,3
stereo,3
square,3
soy,3
sou',3
snake,3
sleeping,3
slave,3
secondr,3
saxophonists,3
saxophonist,3
saxophones,3
saxophone,3
round,3
reading,3
raw,3
quadr,3
praise,3
poly,3
pock,3
plate,3
piggy,3
pigeon,3
outof,3
osteo,3
old,3
oat,3
needle,3
mother,3
mind,3
mince,3
mealy,3
make,3
loving,3
longest,3
longer,3
line,3
length,3
leg,3
leather,3
leap,3
lantern,3
lamb,3
knight,3
jam,3
hundred,3
hind,3
heavy,3
have,3
hang,3
han,3
grass,3
goose,3
fort,3
fool,3
fellow,3
extra,3
every,3
ever,3
even,3
equi,3
edge,3
east,3
earphones,3
dye,3
dream,3
don't,3
dirt,3
cumulo,3
contra,3
colour,3
china,3
child,3
chicken,3
cheese,3
char,3
cartridge,3
bore,3
beef,3
beauty,3
beach,3
P,3
I,3
D,3
Christmas,3
you'll,2
yew,2
yellow,2
year,2
yacht,2
y,2
wrist,2
worstoff,2
worseoff,2
worse,2
wormgears,2
woodworms,2
woodlands,2
woodcutters,2
woodcutter,2
woodcuts,2
witness,2
wishing,2
wish,2
wise,2
windowshops,2
windowshopping,2
windowshopped,2
windings,2
wildc,2
widest,2
why'll,2
who'll,2
whiz,2
whistle,2
whist,2
whirlwi,2
whirli,2
whirl,2
where'll,2
when'll,2
what'll,2
wet,2
welter,2
weighing,2
weigh,2
week,2
weed,2
wedding,2
weak,2
we'll,2
wax,2
watering,2
wate,2
watchmakers,2
watchmaker,2
watchkeys,2
watchdogs,2
watchbands,2
washing,2
walkiet,2
walkie,2
walk,2
waiting,2
waist,2
wagec,2
volley,2
vine,2
vigilant,2
viewfi,2
view,2
vibraphones,2
vibraphone,2
vibes,2
vent,2
vapour,2
vantage,2
twelve,2
turning,2
turboj,2
tuning,2
trunk,2
true,2
trouble,2
troop,2
trestle,2
trends,2
tree,2
tram,2
training,2
trade,2
traction,2
townswomen,2
townswoman,2
townsfolk,2
tower,2
tortoise,2
torpedo,2
torch,2
toll,2
toilet,2
todos,2
toasting,2
tilt,2
tiger,2
tiebreaks,2
tiebreakers,2
tiebreaker,2
tiebreak,2
tide,2
