r e,716
u n,615
a,521
i n,499
i,454
s,404
o,383
m,382
c,356
p,347
d e,317
d i s,310
e n,268
o v e r,261
d,242
t,232
o u t,196
b e,192
e,189
n,184
b,172
m i s,165
l,151
h,147
u n d e r,138
f,125
w i,122
r,108
a i r,84
w,79
f o r e,79
i n t e r,71
b a c k,69
g,68
w a t e r,67
s u b,65
u p,55
t e l e,53
i l l,51
c o u n t e r,51
s e a,50
t r a n s,49
b r o,49
b u l,47
f i r e,45
t e a,44
s e l f,44
f o o t,44
o v e,42
e a r,42
c a r,42
f r e e,40
c r o s s,40
s o f,37
d o u b l e,37
a n t,36
s i d e,35
p r o,35
n o n,34
h a n d,34
s t e,33
e y e,33
n e w s,32
h o u s e,32
n i g h t,31
i c e,31
h i p,31
e x,29
b l a c k,28
s h o r t,27
b l o o d,27
a l l,27
s n o w,26
h i g h,26
g a s,26
p o t,25
l o w,25
h a l f,25
d o o r,25
w o o d,24
w i n d,24
p l a y,24
h e a d,24
s e m i,23
p o s t,23
c a t,23
b o o k,23
t i m e,22
p h o t o,22
p e r,22
f l y,22
w a r,21
o i l,21
o f f,21
l a n d,21
w e l l,20
l o n g,20
w a t c h,19
s u r,19
s k y,19
s a f e t y,19
p a n,19
r a d i o,18
l i f e,18
b y,18
w e a t h e r,17
t y p e,17
s h o p,17
h o r s e,17
d o g,17
b l u e,17
w o r d,16
t r i,16
s t o r m,16
s t o n e,16
s a n d,16
g r a n d,16
g o l d,16
f o x,16
c o p y,16
w a s h,15
t a b l e,15
s u p e r,15
l o c k,15
f a c e,15
b r a i n,15
b e l l,15
a r m,15
t o o t h,14
r i n g,14
p a r,14
m i c r o,14
j a c k,14
f i s h,14
e g g,14
c r o,14
u,13
s t o c k,13
s p a c e,13
q u i c k,13
q u a r t e r,13
m o n o,13
m o n e y,13
d e a t h,13
c o r n,13
c o a l,13
c h a i n,13
a f t e r,13
t u r n,12
s o u n d,12
s k i n,12
s h o e,12
s c h o o l,12
r o p e,12
p r e s s,12
n a m e,12
l a n d i n g,12
g o d,12
g a m e,12
c h e c k,12
b e s t,12
L,12
w o r m,11
s u g a r,11
s l i p,11
s i c k,11
r o c k,11
r o a d,11
r a i n,11
p a y,11
n o s e,11
m u d,11
l o u d,11
k i l o,11
h e a r t,11
f a r,11
d o w n,11
C,11
w i n g,10
s h i r t,10
p a p e r,10
m i l k,10
m i d,10
j,10
h o m e,10
h e d g e,10
h a y,10
f i n g e r,10
d u s t,10
c u t,10
b a r n,10
b a n d,10
a r c h,10
T,10
S,10
t h r e e,9
s t e a m,9
s o m e,9
r e t r o,9
p h o n e,9
n u t,9
h a r e,9
g r o u n d,9
d r y,9
b r e a s t,9
b e t t e r,9
a u t o,9
N o n,9
M,9
w o r k,8
w h i t e,8
w a s t e,8
t i t l e,8
t h u n d e r,8
t h u m b,8
t a i l,8
s k i,8
s i n g l e,8
r i d i n g,8
r a b b i t,8
p r a y e r,8
p l a c e,8
o x,8
o p e r a,8
m u c k,8
l i t t e r,8
l i t t,8
h o n e y,8
h i g h e s t,8
h i g h e r,8
g a t e,8
f o u r,8
f i e l d,8
d u m b,8
d a y,8
c o t t o n,8
c o l l,8
c o c k,8
c l a s s,8
c h i m n e y,8
b r i c k,8
b r e a d,8
b i r d,8
b a t h i n g,8
b a b y,8
a e r o,8
A,8
w i n d o w,7
t o w n,7
t i e,7
s w i m m i n g,7
s p r i n g,7
s p e l l,7
s i g h t,7
s e e d,7
s a l t,7
s a f e,7
r i p,7
r a c k,7
r a c e,7
p i p e,7
n e c k,7
m u s k,7
m o o n,7
m i d d l e,7
m e g a,7
m a y,7
m a t c h,7
m a r k e t,7
l i t h o,7
k e y,7
j e r r y,7
i r o n,7
i n k,7
h o p,7
e a r t h,7
c r a s h,7
b u t t e r,7
b o t t l e,7
b o m b,7
b o b,7
b o a t,7
b a t t l e,7
y a r d,6
w o u l,6
w i n e,6
w i c k e t,6
w h e e l,6
w a g,6
t i t,6
t i g h t,6
t a s k,6
s w e e t,6
s t a r,6
s t a i r,6
s p o r t s,6
s p i r i t,6
s p e a k i n g,6
s o d a,6
s m o k e,6
s l e e p w,6
s k e t c h,6
s h o w,6
s h o u l d e r,6
s h o o t i n g,6
s h e p,6
r u s t,6
r o l l e r,6
r i g h t,6
p r u n i n g,6
p o w d e r,6
p i l l o w,6
p e n n y,6
n i t,6
n a i l,6
m u s i c,6
m o t o r,6
m o t h,6
l u g g a g e,6
l e f t,6
j a y w,6
h i t c h,6
g u m,6
g o o d,6
g o l f,6
g o a l,6
g l o b e,6
f o s t e r,6
f l a s h,6
e a v e s,6
d r i n k i n g,6
d i v e,6
d i n n e r,6
d e m i,6
d e e p,6
c u r t a i n,6
c l o t h e s,6
c i g a r e t t e,6
c e n t i,6
c a r p e t,6
c a m p,6
c a b l e,6
b u s h,6
b o d y,6
b i r t h,6
a q u a,6
a n n,6
a n g l e,6
',6
w o r l d,5
w o o l,5
w a y l,5
t u r t l e,5
s t r i p,5
s t a n d,5
s t a g e,5
s o u t h e,5
s o u t h,5
s m o k i n g,5
s m a l l,5
s i l v e r,5
s c r u m,5
r a t t l e,5
p u n c h,5
p r i z e,5
p o l e,5
p i l o t,5
p e a,5
p a c k,5
n a t u r o,5
m u l t i,5
m o o r,5
m i n e,5
l o g,5
l i p,5
l i m e,5
l i g h t,5
l e t t e r,5
l e a f,5
l a d y,5
k i n g,5
i r r e,5
i d e o,5
h o r n,5
h o b,5
h e a t,5
h a m,5
g r e e n,5
g r a p e,5
g l a s s,5
f u l l,5
f r o g,5
f o r c e,5
f l a t,5
e a t i n g,5
d r u m,5
d i v i n g,5
d e s s e r t s,5
c r a b,5
c a n d l e,5
b o y,5
b o w,5
b a r,5
b a g,5
V,5
R,5
E,5
w o m a n,4
w o l f,4
w h e r e,4
v i d e o,4
t w o,4
t r o l l e y,4
t o w e l,4
t o u c h,4
t o n e,4
t o a s t,4
t h r e s h i n g,4
t e e n y,4
t a x,4
t a p e,4
s t r o n g,4
s t r i k e,4
s t r e e t,4
s t o m a c h,4
s t o k e,4
s t e e l,4
s t a r t i n g,4
s t a m p,4
s p y,4
s p r e a d,4
s p o o n,4
s p i n d l e,4
s p e e d,4
s o u r,4
s n a p,4
s l u i c e,4
s l a p,4
s i x,4
s h o t,4
s h i n,4
s h e e t,4
s h e e p,4
s h a r p,4
s e a r c h,4
s c e n e,4
s c a p e,4
s a i l i n g,4
r u b b e r,4
r o w a n,4
r o u g h,4
r o s e,4
r o o f,4
r o o d,4
r o c k e t,4
r i f l e,4
r a t e,4
q u e s t i o n,4
q,4
p u s h,4
p s y c h o,4
p r i e s t,4
p r e s s u r e,4
p o w e r,4
p o r k,4
p o l l i n g,4
p i n p o i,4
p i l e,4
p i c k,4
p e p p e r,4
p e a r l,4
p a s s,4
p a r t y,4
o y s t e r,4
o w n e r,4
o s c i l l o,4
o r g a n,4
o r d e r,4
o m n i,4
n o t e,4
n i c k e l,4
n i c k,4
n e r v e,4
m o u t h,4
m o n k e y,4
m o l l y,4
m e z z o,4
m e t a,4
m e d i c i n e,4
m a s s,4
l u g,4
l o a n,4
l i g h t n i n g,4
l i e u,4
l e a s e,4
l a w,4
l a u n c h i n g,4
k i c k,4
k e e l,4
j o y,4
i n t r a,4
h y d r o,4
h u n g e r,4
h o t,4
h o o d,4
h e l p,4
h a r d,4
g r e y,4
g r a n,4
g r a,4
g i r l,4
g i n g e r,4
g a l l e y,4
f r u i t,4
f r o n t,4
f r e e z i n g,4
f l y i n g,4
f l o o d,4
f l a g,4
f i s h i n g,4
f i r s t,4
e l e c t r o e n c e p h a l o,4
e l e c t r o,4
e l d e r,4
d u c k,4
d r o p,4
d r i v i n g,4
d r e s s i n g,4
d r a w,4
d e p t h,4
d a r e,4
d a n c e,4
c o p p e r,4
c o n c e r t,4
c o m m o n,4
c o a s t,4
c l o s e,4
c l a m,4
c i n e,4
c h u r c h,4
c h o i r,4
c a r v i n g,4
c a n d y,4
c a c a o,4
b u g,4
b r i d e,4
b r e e c h,4
b r a n d y,4
b o x i n g,4
b o n e,4
b i l l i a r d,4
b e h a v i,4
b e a n,4
b a t h,4
b a n k r,4
b a l l e t,4
a r m o u r,4
a n y,4
a g e,4
B,4
y u l e,3
w r i t i n g,3
w i l l o w,3
w h o,3
w h a t,3
w e s t,3
w a y,3
t r a p,3
t i p,3
t h o r o u g h,3
t h i r d r,3
t h e r m o,3
t h e r e,3
s y n c h r o,3
s t r a w,3
s t r a i g h t,3
s t e r e o,3
s q u a r e,3
s o y,3
s o u ',3
s n a k e,3
s l e e p i n g,3
s l a v e,3
s e c o n d r,3
s a x o p h o n i s t s,3
s a x o p h o n i s t,3
s a x o p h o n e s,3
s a x o p h o n e,3
r o u n d,3
r e a d i n g,3
r a w,3
q u a d r,3
p r a i s e,3
p o l y,3
p o c k,3
p l a t e,3
p i g g y,3
p i g e o n,3
o u t o f,3
o s t e o,3
o l d,3
o a t,3
n e e d l e,3
m o t h e r,3
m i n d,3
m i n c e,3
m e a l y,3
m a k e,3
l o v i n g,3
l o n g e s t,3
l o n g e r,3
l i n e,3
l e n g t h,3
l e g,3
l e a t h e r,3
l e a p,3
l a n t e r n,3
l a m b,3
k n i g h t,3
j a m,3
h u n d r e d,3
h i n d,3
h e a v y,3
h a v e,3
h a n g,3
h a n,3
g r a s s,3
g o o s e,3
f o r t,3
f o o l,3
f o l k,3
f e l l o w,3
e x t r a,3
e v e r y,3
e v e r,3
e v e n,3
e q u i,3
e d g e,3
e a s t,3
e a r p h o n e s,3
d y e,3
d r e a m,3
d o n ' t,3
d i r t,3
c u m u l o,3
c o n t r a,3
c o l o u r,3
c h i n a,3
c h i l d,3
c h i c k e n,3
c h e e s e,3
c h a r,3
c a r t r i d g e,3
b o r e,3
b e e f,3
b e a u t y,3
b e a c h,3
P,3
I,3
D,3
C h r i s t m a s,3
y o u ' l l,2
y e w,2
y e l l o w,2
y e a r,2
y a c h t,2
y,2
w r i s t,2
w o r s t o f f,2
w o r s e o f f,2
w o r s e,2
w o r m g e a r s,2
w o o d w o r m s,2
w o o d l a n d s,2
w o o d c u t t e r s,2
w o o d c u t t e r,2
w o o d c u t s,2
w i t n e s s,2
w i s h i n g,2
w i s h,2
w i s e,2
w i n d o w s h o p s,2
w i n d o w s h o p p i n g,2
w i n d o w s h o p p e d,2
w i n d i n g s,2
w i l d c,2
w i d e s t,2
w h y ' l l,2
w h o ' l l,2
w h i z,2
w h i s t l e,2
w h i s t,2
w h i r l w i,2
w h i r l i,2
w h i r l,2
w h e r e ' l l,2
w h e n ' l l,2
w h a t ' l l,2
w e t,2
w e l t e r,2
w e i g h i n g,2
w e i g h,2
w e e k,2
w e e d,2
w e d d i n g,2
w e a k,2
w e ' l l,2
w a x,2
w a t e r i n g,2
w a t e,2
w a t c h m a k e r s,2
w a t c h m a k e r,2
w a t c h k e y s,2
w a t c h d o g s,2
w a t c h b a n d s,2
w a s h i n g,2
w a l k i e t,2
w a l k i e,2
w a l k,2
w a i t i n g,2
w a i s t,2
w a g e c,2
v o l l e y,2
v i n e,2
v i g i l a n t,2
v i e w f i,2
v i e w,2
v i b r a p h o n e s,2
v i b r a p h o n e,2
v i b e s,2
v e n t,2
v a p o u r,2
v a n t a g e,2
t w e l v e,2
t u r n i n g,2
t u r b o j,2
t u n i n g,2
t r u n k,2
t r u e,2
t r o u b l e,2
t r o o p,2
t r e s t l e,2
t r e n d s,2
t r e e,2
t r a m,2
t r a i n i n g,2
t r a d e,2
t r a c t i o n,2
t o w n s w o m e n,2
t o w n s w o m a n,2
t o w n s f o l k,2
t o w e r,2
t o r t o i s e,2
t o r p e d o,2
t o r c h,2
t o l l,2
t o i l e t,2
t o d o s,2
t o a s t i n g,2
t i l t,2
t i g e r,2
t i e b r e a k s,2
t i e b r e a k e r s,2
t i e b r e a k e r,2
t i e b r e a k,2
t i d e,2
t i c k e t,2
