e,8434
s,6938
a,6117
r,5658
i,5637
n,5172
o,5144
t,5107
l,4110
d,3554
g,2799
c,2729
h,2657
p,2327
b,2144
e r,2121
u,2043
y,1911
i n,1882
e s,1882
m,1859
w,1518
k,1459
f,1441
n g,1315
e d,1242
s t,1102
i n g,1077
t e,997
o n,938
n e,894
r e,890
a n,886
r s,876
a r,875
l e,849
e n,758
e a,730
t i,722
o r,673
d e,629
a l,618
e r s,610
s e,582
r i,580
t s,557
t h,544
t o,532
o u,504
k e,503
i e,474
e t,469
e l,463
o o,459
n s,458
s s,447
v e,445
c e,435
m a,433
e e,426
a s,412
i t,405
i c,403
l y,401
i r,399
t a,396
d s,393
a d,390
u n,379
g e,375
o t,371
t e r,364
a y,345
c o,338
e s s,329
m i,317
s i,314
b e,304
a t e,300
o l,298
u r,294
_,287
g h,283
n i,280
i o n,279
i d,278
d i,272
o s,254
a b,251
o n e,249
u s,246
e s t,240
b i,240
i e s,235
l s,224
a g,222
n e s s,218
w i,211
s t e,209
y s,206
t i o n,203
e y,195
f e,194
a l l,192
k s,190
a k,187
t y,183
l e s,180
i n e,176
r y,169
t i n g,168
d e r,168
w e,167
p e r,166
e a r,165
i s t,161
m e n,160
i s h,160
d e d,160
h t,158
t e d,154
i l l,154
c t,154
m a n,152
k e r,152
j,152
o v e,151
r e a,148
x,147
e n t,146
e m,140
a t i o n,137
o r s,136
',136
p i n,135
g o,132
o u s,130
s e s,129
a i n,129
a i r,126
i v e,124
r i n g,123
u m,122
r e d,122
o t h,114
t e s,109
t e r s,109
n e r,109
a b l e,109
d a y,108
i c e,106
l a n d,105
a g e,104
t o r,102
i e r,101
i z e,100
k i n g,98
c e s,98
c a r,97
a n t,97
e y e,96
s i d e,95
p o t,94
i m,94
h a i r,94
b o a t,94
s t e r,91
f i s h,91
d i n g,91
o v e r,90
o k,89
s t o n e,88
l i n g,88
h i g h,86
u r e,85
b e d,85
p l a y,84
f a c e,83
n e d,82
i o n s,82
a w,80
u p,78
g e r,77
a t e s,77
h o r s e,76
p o s t,75
l e r,75
v e s,74
l o n g,74
a d e,74
t o p,72
t i c,72
p e n,72
p a n,72
f r e e,72
b a g,71
t i o n s,70
r i e s,70
o u t,70
k e r s,70
i n g s,70
e t s,70
d o g,69
c o n,69
l i k e,68
f u l,68
w o o d,67
s k i n,67
b o y,67
b a r,67
o i l,66
g u n,66
b l o o d,66
s o m e,65
r a i n,65
m i n d e d,65
b i r d,65
i a l,64
p a p e r,63
n i n g,63
b l a c k,63
t a r,61
e e n,61
e n s,60
a t e d,60
a l l y,60
s h o p,59
r o a d,59
l e s s,59
j a c k,58
t e n,57
l e d,57
g a s,57
y i n g,56
w o m a n,56
t a b l e,56
s _,56
i e s t,56
w a y,55
p i n g,55
g r o u n d,55
a t i n g,55
h e a d,54
c a t,54
w a r,53
i c a l,53
g e s,53
d e r s,53
w a t c h,51
i t y,51
i l e,51
c r o,51
a t i o n s,51
n u t,50
g i n,50
d o w n,50
s t a r,49
s a f e,49
l o v e,49
b a n d,49
k e d,48
i n e s s,48
h a n d,48
g _,48
b y,48
a r m,48
p e r s,47
m i l l,47
k e s,47
t h s,46
t e a,46
s h i p,46
l i f e,46
k e y,46
i n g _,46
e y e d,46
c u t,46
w o m e n,45
n e c k,45
i s t s,45
e n c e,45
t r i,44
t i e s,44
p i g,44
g e d,44
a n c e,44
s t e p,43
o f f,43
n g i,43
i r o n,43
e d n e s s,43
e d l y,42
s e d,41
s e a,41
p i t,41
b o a t s,41
w o r k,40
s h o w,40
e t t e,40
e d _,40
d e n,40
b l u e,40
' s,40
y e r,39
p r o,39
p e d,39
n e r s,39
l i n e,39
i s m,39
h o u s e,39
g i r l,39
d i s,39
s i n g,38
w o r m,37
w i n d,37
u n d e r,37
t y p e,37
s l i p,37
m e n t,37
i n k,37
g r a p h,37
b o a r d,37
h e n,36
c y,36
g r e e n,35
f s,35
e l y,35
d a y s,35
b r a i n,35
e r y,34
c h a i r,34
b e d s,34
u a l,33
i e d,33
e r i n g,33
e r e d,33
e _,33
a l s,33
r a c e,32
c t i o n,32
b i l l,32
m e d,30
l a n d s,30
i z e d,30
i c a l l y,30
g i n g,30
d r y,30
b o x,30
w a t e r,29
t o o t h,29
t i m e,29
s t e r s,29
p o l e,29
n o s e,29
m i n g,29
e n e s s,29
e e s,29
b o y s,29
a r y,29
s t o n e s,28
s h o e,28
s a l,28
r o p e,28
r e n,28
m o n e y,28
e s _,28
b a g s,28
w i s e,27
s u g a r,27
m a s t e r,27
l e r s,27
i z i n g,27
i z e s,27
g e r s,27
w i t,26
w h e e l,26
v i n g,26
o e s,26
l o c k,26
l i s t,26
l i g h t,26
i l y,26
e s s e s,26
w a s h,25
s e t,25
p r e,25
p o t s,25
i v e s,25
h o l e,25
f i s h e s,25
b u l,25
a f t e r,25
x e s,24
w i n g,24
s a f e t y,24
p i n s,24
o u s l y,24
m i s,24
i a n,24
f o u r,24
b a l l,24
w a y s,23
r o o m,23
h o r s e s,23
g u n s,23
f i r e,23
b a c k,23
a g e s,23
u s e s,22
t o r s,22
i t i e s,22
h e a r t,22
e x,22
e e r,22
c r o s s,22
b o o k,22
b i r t h,22
t l y,21
i o u s,21
g a t e,21
b e l l,21
v e d,20
t a b l e s,20
s m a n,20
l i n e s,20
i z a t i o n,20
f o o t,20
e l e s s,20
c u p,20
c l o t h,20
t e l e,19
s a n d,19
p l a t e,19
i e r s,19
e o u s,19
s u r,18
n u t s,18
f l y,18
e r i e s,18
a n t s,18
a k i n g,18
' d,18
n i g h t,17
i s h l y,17
f o r e,17
b l o w,17
a b l y,17
' l l,17
w o r d,16
u r e s,16
s k i n s,16
s h o p s,16
i s t i c,16
i n t e r,16
i d s,16
h o o d,16
h e a r t e d,16
e n c e s,16
d r o p,16
c o c k,16
a t i v e,16
s i o n,15
s h o t,15
s h i p s,15
s c h o o l,15
r o c k,15
p a y,15
m a l,15
i s h n e s s,15
g y,15
c o l l,15
w e l l,14
s t a n d,14
p e n n y,14
o v e r s,14
o u s n e s s,14
n _,14
l e s s l y,14
i v e l y,14
h e a d s,14
h e a d e d,14
e m e n,14
e m a n,14
e g g,14
c i e s,14
b o o t,14
b o a r d s,14
a r c h,14
a n t i,14
y _,13
s t i c k,13
s m e n,13
o r y,13
m i l l s,13
i a l l y,13
h o u s e s,13
h a l f,13
f i n g,13
d u s t,13
d o m,13
c a r t,13
b u l l,13
b o x e s,13
b o n e,13
' v e,13
u p s,12
t u r n,12
t i c a l l y,12
s t o c k,12
o i n g,12
i a g e,12
g l a s s,12
c o a l,12
b o m b,12
a r i e s,12
a k s,12
A,12
' r e,12
w i t h,11
s u n,11
s t e a m,11
s i c k,11
r o o m s,11
m a s t e r s,11
l i e r,11
i o n i s t,11
i n g l y,11
i c s,11
i b l e,11
f u l s,11
f u l n e s s,11
f u l l y,11
e f u l,11
a n c e s,11
a l i t y,11
w o r k s,10
t r e e,10
s o f,10
o t h s,10
n a m e,10
m o n o,10
m e n t s,10
i n g i n,10
h o l e s,10
f i e l d,10
e n e d,10
e n _,10
c o w,10
c a k e,10
b i n g,10
a b i l i t y,10
_ o u t,10
T,10
t r a n s,9
s i g h t,9
l i n e s s,9
l i g h t s,9
l e s s n e s s,9
l a n d i n g,9
i n k s,9
e n t l y,9
e n i n g,9
c t s,9
b o u n d,9
b o o k s,9
y a r d,8
w a r d s,8
s t o r m,8
s h i r t,8
s e l f,8
p o w d e r,8
p i p e,8
o u g h t,8
n o n,8
n e w s,8
l i n g s,8
k i c k,8
h o m e,8
f i n g e r,8
e a r t h,8
c h e c k,8
b r o a d,8
b a l l s,8
b a c k s,8
a t i c,8
L,8
u d e,7
t i n g _,7
t a i l,7
s u b,7
s t r i p,7
p r e s s,7
p l a c e,7
m i l k,7
m i d,7
l i e s t,7
l a m p,7
i z a t i o n s,7
i v e n e s s,7
i o u s l y,7
g o d,7
f e d,7
e m e n t,7
e e r s,7
e e i n g,7
e a b l e,7
c o r n,7
b a b y,7
C,7
s o u n d,6
q u i c k,6
q u a r t e r,6
p r o o f,6
p o i n t,6
i f y,6
i a l s,6
i a b l e,6
h a l l,6
g a m e,6
e v e r,6
e r l y,6
e o u s l y,6
d o o r,6
c t e d,6
c l a s s,6
b r e a s t,6
b r e a d,6
w i r e,5
w e n t,5
s i o n s,5
n a i l,5
m a i n,5
i o u s n e s s,5
i o n i s t s,5
i n k i n g,5
i b l y,5
i b i l i t y,5
g o i n g,5
g o e s,5
e n c y,5
e l e s s l y,5
d o u b l e,5
d i s c,5
c t i n g,5
c o p y,5
b e s t,5
a n t l y,5
S,5
y i n g _,4
y a r d s,4
u a l l y,4
s p a c e,4
s k y,4
s h o r t,4
r e i n,4
o p e r a,4
m i c r o,4
i s t i c a l l y,4
i s m s,4
i o n i s m,4
i f i c a t i o n,4
i a g e s,4
h e a r t e d n e s s,4
g r a p h s,4
g o n e,4
f o x,4
f l a s h,4
c h a i n,4
c a k e s,4
b e t t e r,4
t r e e s,3
t i e s t,3
t i e r,3
t h r e e,3
t e l y,3
s u p e r,3
s t i c k s,3
s n o w,3
s e m i,3
p o i n t s,3
l e a f,3
i f y i n g,3
i f i e s,3
i f i e d,3
h e d g e,3
h a y,3
g r a n d,3
g o l d,3
e l e s s n e s s,3
c o u n t e r,3
c h i m n e y,3
a t o r y,3
a t i c a l l y,3
a n g i,3
w h i t e,2
u n n i,2
t i t l e,2
s c r e w,2
i n g _ o u t,2
i f i c a t i o n s,2
e m e n t s,2
e f u l n e s s,2
e f u l l y,2
e b o o k,2
b o b,2
b a t h i n g,2
b a r n,2
w e a t h e r,1
r a d i o,1
m u d,1
k i l o,1
h o n e y,1
f o g,1
e b o o k s,1
d i s e n,1
d i s e m,1
a u t o,1
