"""",117
s,54
i,52
e,50
a,42
l,38
"s""",29
g,17
"y""",13
o,13
e s,13
u,12
i n g,10
e d,10
b,10
"g""",8
"i n g""",7
"e""",7
"e d""",7
m,6
i t,5
"e r""",5
"e s""",4
n i,3
"a l l y""",3
"""u n",3
"l e s s""",2
"i t y""",2
"i e s""",2
"e v e r""",2
"e r s""",2
"a l""",2
"y i n g""",1
"w h i t e""",1
"w a y""",1
"w a y s""",1
u n n i,1
"u a l""",1
"u a l s""",1
"u a l l y""",1
"u a l i t y""",1
"t a c k""",1
"t a c k s""",1
"s t r e e t""",1
"s t a r v e d""",1
"s t a l l""",1
"s t a l l s""",1
"s p r i n g""",1
"s o""",1
"s o e v e r""",1
"s k i n""",1
"s k i n s""",1
"s i d e""",1
"s h a r i n g""",1
"s c r e w""",1
"s c r e w s""",1
"s c o u r i n g s""",1
"p r i n t""",1
"p r i n t s""",1
"p e a k""",1
"n u t""",1
"n u t s""",1
"n a i l""",1
"n a i l s""",1
"m a r g i n""",1
"m a r g i n s""",1
"l o a d""",1
"l o a d s""",1
"l o a d i n g""",1
"l o a d e d""",1
"l i n g""",1
"l i g h t""",1
"l i g h t s""",1
"l i c e n c e""",1
"l i c e n c e s""",1
l f s e,1
"l e s s l y""",1
"l e r""",1
"l e r s""",1
"l e d""",1
"i t i e s""",1
"i s t""",1
"i s t s""",1
"i s t i c""",1
"i s t i c a l l y""",1
"i s m""",1
"i s m s""",1
"i s h""",1
"i s h n e s s""",1
"i s h l y""",1
"i n g w a x""",1
"i n e s s""",1
"i l y""",1
"i e s t""",1
"i e r""",1
"i e d""",1
"h a n d""",1
"h a n d e d""",1
"h a n d e d n e s s""",1
"h a n d e d l y""",1
"e n""",1
"e l e s s""",1
"d a y""",1
"d a y s""",1
d _ r a i,1
"b i n g""",1
"b e d""",1
"b e a t""",1
"a b l y""",1
"a b l e""",1
"' v e""",1
"' s""",1
"' r e""",1
"' l l""",1
"' d""",1
"""w o r s t",1
"""w o r s e",1
"""w e l l",1
"""u n i",1
"""u n d e r",1
"""t r a n",1
"""s t a n d",1
"""n o n",1
"""m i d",1
"""k i c k",1
"""i n",1
"""h e t e r o",1
"""g o l d",1
"""f a r",1
"""e l e v a t",1
"""b i",1
"""b e t t e r",1
"""b e s t",1
"""b a d l y",1
"""a",1
