e,7595
s,6407
a,5451
r,5038
i,4967
t,4647
o,4611
n,4582
l,3560
d,3235
g,2480
c,2449
p,2068
e r,2001
e s,1790
y,1693
i n,1562
f,1360
k,1302
e d,1142
s t,981
i n g,935
t e,929
o n,885
r s,846
a r,788
l e,717
e n,692
o r,618
e r s,593
a l,557
t s,547
s e,523
t h,506
t o,485
i e,478
k e,459
c e,455
n s,437
e t,423
s s,408
v e,396
d s,395
l y,385
e e,362
a s,360
i c,352
g e,344
t e r,326
e s s,310
a t e,290
u r,281
a y,275
i o n,272
o s,240
i d,238
i e s,221
u s,220
l s,214
e s t,214
t i o n,207
f e,200
n e s s,199
e y,192
k s,188
y s,187
e n t,173
l e s,171
a r d,170
i n e,164
p s,160
p e r,159
m e n,157
t i n g,156
i s h,156
o n s,154
m a n,153
d e r,153
t e d,152
i s t,152
c t,149
r y,143
k e r,140
a t i o n,138
o r s,137
x,135
b l e,134
s e s,126
t y,125
o u s,124
d e d,121
r i n g,117
i v e,111
c e s,111
t e s,107
o t h,106
l a n d,105
i c e,104
t e r s,103
s i d e,102
a b l e,102
u m,100
r e d,100
i e r,99
o u n d,98
u r e,96
s t s,95
n e r,94
f i s h,94
b o a t,92
s t o n e,90
p o t,90
a n t,90
t o r,89
i o n s,88
d a y,88
i z e,87
c a r,86
a g e,86
p o s t,84
k i n g,84
o v e r,83
b e d,83
n e d,82
f a c e,82
d i n g,81
p i n,79
a t e s,78
t i o n s,77
g e r,77
s t e r,76
h o r s e,76
a d e,75
e t s,71
b a g,71
l e r,70
t i c,68
d o g,68
u p,67
s o m e,67
p a n,67
f u l,67
b o y,67
w o o d,66
s k i n,65
i n g s,65
g u n,65
b i r d,65
v e s,64
m e r,64
l i n g,64
k e r s,64
o u t,63
n a l,63
p a p e r,62
b a r,62
r i e s,61
j a c k,60
l i k e,59
i a l,59
s h o p,58
l e s s,58
a t e d,58
a r d s,58
i t e,57
e r n,57
w o m a n,56
e n s,56
a l l y,56
t a b l e,55
a t i o n s,55
n i n g,54
a t i n g,54
a r s,54
i e s t,53
d e r s,53
w a y,51
k e d,51
t h s,50
b e r,50
a n c e,50
p i n g,49
k e y,49
i c a l,49
h e a d,49
h a n d,49
b a n d,49
i n e s s,48
g e d,48
r e s s,47
p e r s,47
o u s e,47
n u t,47
g e s,47
i t y,46
c u t,46
w o m e n,45
p i t,45
p i e c e,45
n e c k,45
m i l l,45
i l e,45
e y e d,45
d l y,45
b y,45
i s t s,44
y i n g,42
s h i p,42
l e d,42
b o a r d,42
t i e s,41
w o r k,40
s e d,40
k e s,40
e n c e,40
b o a t s,40
i s m,39
g i r l,39
f s,38
' s,38
m e n t,37
l i n e,37
p e d,36
n e r s,36
g r a p h,36
e t t e,36
c e d,36
l e t,35
e r e d,35
c t i o n,35
u a l,34
m a k e r,34
h o u s e,34
e r i n g,34
e d l y,34
c h a i r,34
b e d s,34
w i s e,33
t u r e,33
s i n g,33
p p i n g,33
e l y,33
n e t,32
e r y,32
d e n,32
i n k,31
e d n e s s,31
l a n d s,30
j a c k e t,30
s t o n e s,29
s i d e s,29
l o c k,29
i e d,29
i c a l l y,29
i a n,29
g i n g,29
d a y s,29
c y,29
b o y s,29
b o x,29
a l s,29
w a r d,28
t t i n g,28
t i m e,28
r e n,28
m a r k,28
g e r s,28
e n e s s,28
b a g s,28
s t e r s,27
l i s t,27
b i r d s,27
y e r,26
m i n g,26
m e d,26
l e r s,26
i z e d,26
e e s,26
b l y,26
x e s,25
w a t e r,25
p p e d,25
p o t s,25
i l y,25
f i s h e s,25
f a c e d,25
e s s e s,25
w a y s,24
o u s l y,24
l i g h t,24
a r y,24
p o l e,23
i z i n g,23
i z e s,23
i v e s,23
h o r s e s,23
g u n s,23
u r e s,22
t o r s,22
t l y,22
h o l e,22
d e d n e s s,22
b o o k,22
v i n g,21
u s e s,21
r o o m,21
m i n d e d,21
i o u s,21
b a c k,21
t a b l e s,20
s m a n,20
m a s t e r,20
i t i e s,20
i e r s,20
e s o m e,20
e e r,20
c a p,20
b e a r e r,20
b a n d s,20
a l i z e,20
a g e s,20
u r e d,19
t i c a l,19
s e t,19
p i e c e s,19
l i n e s,19
i o n a l,19
f a c e s,19
c l o t h,19
_ u p,19
i z a t i o n,18
i s h l y,18
i c e s,18
f o o t,18
e n e r,18
e l e s s,18
c u p,18
c i n g,18
c i e s,18
a n t s,18
a b l y,18
' t,18
' d,18
s t a n d,17
p o s t s,17
p a n s,17
n u t s,17
m a k e r s,17
e r i e s,17
b a l l,17
a t o r,17
' l l,17
v e d,16
t i a l,16
s h o p s,16
i s t i c,16
g y,16
g i r l s,16
e v e r,16
e o u s,16
d r o p,16
d o g s,16
d e d l y,16
b a r s,16
s w o m e n,15
s w o m a n,15
s k i n s,15
p l a t e,15
j a c k e t s,15
i s h n e s s,15
h a n d e d,15
f l y,15
f e d,15
s i o n,14
s h i p s,14
o u s n e s s,14
l e s s l y,14
i v e l y,14
i d s,14
h o o d,14
h e a d e d,14
e n c e s,14
e m a n,14
c a s e,14
b o a r d s,14
a t i v e,14
t i c a l l y,13
s m e n,13
s i v e,13
m i l l s,13
f i n g,13
e m e n,13
d o m,13
c t i o n s,13
b o x e s,13
b o n e,13
b l o o d e d,13
a n c e s,13
' v e,13
r e s s e s,12
p i t s,12
i o n i s t,12
i b l e,12
i a l l y,12
i a g e,12
h o u s e s,12
h e a r t e d,12
h e a d s,12
f u l s,12
e b o a r d,12
' r e,12
y e r s,11
u p s,11
p o l e s,11
o r y,11
n o s e d,11
m e n t s,11
l i s t s,11
i n g l y,11
f y,11
f u l n e s s,11
f u l l y,11
f a l l,11
e n t l y,11
c o a t,11
c h a i r s,11
_ i n,11
w a r d s,10
s t i c k,10
r o o m s,10
p a p e r s,10
l e t s,10
i c s,10
h o l e s,10
f i e l d,10
e f u l,10
c t s,10
b o u n d,10
b e r s,10
b e a r e r s,10
a r i e s,10
a l i t y,10
a d e s,10
a b i l i t y,10
_ o u t,10
w o r k s,9
t r e e,9
p y,9
o t h s,9
n e t s,9
n e s s e s,9
l i g h t s,9
l i e r,9
l e s s n e s s,9
i a n s,9
e n e d,9
b o o k s,9
y a r d,8
t i o u s,8
t a i l,8
s t o r m,8
s o n g,8
s h e l l,8
r o d,8
p o i n t,8
p i p e,8
n e c k e d,8
m a r k s,8
l i n e s s,8
i n k s,8
f l o w e r,8
e w o r k,8
e n i n g,8
c a k e,8
b i n g,8
a t i c,8
w a r e,7
u d e,7
t i s t,7
p l a c e,7
p i n s,7
m i n d e d n e s s,7
m a s t e r s,7
l a m p,7
k n i f e,7
i z a t i o n s,7
i v e n e s s,7
i o u s l y,7
e r l y,7
e e r s,7
e a b l e,7
c t e d,7
c a s e s,7
b a c k s,7
a l i t i e s,7
y m e n,6
t i m e s,6
t i d e,6
s i g h t e d,6
p r o o f,6
p l a t e s,6
l i n g s,6
i n a t e,6
i f y,6
i f i c a t i o n,6
g i e s t,6
g i e r,6
e n c y,6
e n c i e s,6
e m e n t,6
c t i n g,6
c a p s,6
b a l l s,6
a t o r s,6
a l i z i n g,6
a l i z e s,6
a l i z e d,6
a g e d,6
u r i n g,5
t i e r,5
s i o n s,5
m a k i n g,5
l i e s t,5
k n i v e s,5
i s t i c a l l y,5
i o u s n e s s,5
i o n i s t s,5
i o n i s m,5
i b l y,5
i b i l i t y,5
g l a s s e s,5
f i e l d s,5
e o u s l y,5
e n e r s,5
e l e s s l y,5
b o n e s,5
a t i v e l y,5
a n t l y,5
a l i s m,5
y m a n,4
y a r d s,4
u a l l y,4
s t a n d s,4
p o i n t s,4
o l o g y,4
m o s t,4
i v i t y,4
i a l s,4
i a g e s,4
i a b l e,4
g r a p h s,4
e t t e s,4
d r o p s,4
c o a t s,4
c a r s,4
a n c y,4
u a l i t y,3
t r e e s,3
t i o u s l y,3
t i e s t,3
t e l y,3
s t i c k s,3
s m a n s h i p,3
s i v e l y,3
s h e l l s,3
p i p e s,3
i s m s,3
i n a t i o n,3
i f y i n g,3
i f i e s,3
i f i e d,3
i f i c a t i o n s,3
h e a r t e d n e s s,3
h e a r t e d l y,3
f l i e s,3
e o u s n e s s,3
e l e s s n e s s,3
c u p s,3
c a k e s,3
b a c k e d,3
a t o r y,3
a t i c a l l y,3
a l i z a t i o n,3
a b l e n e s s,3
t i s t s,2
t a i l s,2
s t o r m s,2
s _ o u t,2
l a m p s,2
i n g _ o u t,2
i n g _ i n,2
i n a t i n g,2
i n a t e s,2
i n a t e d,2
e m e n t s,2
e f u l n e s s,2
e f u l l y,2
e b o o k,2
a t i v e s,2
a t e l y,2
v a b l e,1
r o d s,1
f o r m i t y,1
f l o w e r s,1
e b o o k s,1
e _ o u t,1
