e,4335
s,3567
a,3465
r,3265
o,3229
i,2990
n,2828
t,2737
l,2323
d,2097
h,1771
g,1699
p,1566
c,1527
b,1383
u,1118
w,1099
m,1094
i n,982
y,935
f,890
k,852
a n,581
r e,570
o n,540
a t,458
e a,448
h o,446
r a,383
o r,379
h e,372
t o,371
e n,367
t h,356
d e,346
s e,338
a c,333
i r,328
i l,308
p o,284
c h,276
a d,271
h i,265
a i,265
u n,256
m a,247
p i,245
a l,240
a s,239
w a,218
b e,216
o n e,211
t e r,200
c a,192
m i,190
d o,190
s i,187
c o,179
w i,163
f i,155
k i,153
s a,152
d i,150
b i,143
i l l,142
g r,131
e a r,131
n i,130
l a n,125
a g,123
f a,122
a b,122
f o,119
b r,119
n o,117
a i r,113
g o,111
j,110
t o n e,108
',104
m a n,102
p e r,100
l a n d,99
s i d e,97
a l l,95
a f,95
o a t,93
h i g h,93
h a i r,91
e y e,89
p r,87
o v e,87
r i n g,86
i c e,86
g u,85
s t o n e,84
t i n,83
p o t,83
p l a y,83
f i s h,82
d a y,82
r e a,78
c a r,78
b o a t,78
r e s,77
f r e e,75
s h e,74
o v e r,74
e m,73
p o s t,72
h o r s e,72
b e d,72
f a c e,69
p i n,68
h a n,68
s k i,67
d o g,67
l o n g,66
s u,65
r e d,65
w o o d,64
h o p,64
r o a d,61
s o m e,60
r a t,60
g u n,60
b a g,60
t o p,59
b o y,59
b l o o d,59
s k i n,58
o i l,58
m i l,58
k i n g,58
a r e,58
s h o p,57
g a s,56
p a p e r,55
b l a c k,55
b i r d,55
p a n,53
o f f,53
l o w,53
b a r,53
t a b l e,52
f u,52
a s h,52
r a i n,51
m o n,51
p i e,50
j a c k,50
w o m a n,49
w a t c h,49
s a f e,49
r o u n d,49
i n s,49
n u t,48
d e s,48
a s s,48
m i l l,47
k e y,47
b a n d,47
s t e p,46
g r o u n d,46
s m,45
b r a,45
a n g,45
t o w,44
l i f e,44
p i e c e,43
n e c k,43
g r a,43
l i p,42
l e g,42
s h o w,41
p i g,41
p e n,41
o u t,41
i r o n,41
i m,41
a n t,41
t a r,40
c u t,40
b y,40
h o n,39
u p,38
p i t,38
b o w,38
a g e,38
a d s,38
r a t e,37
m a k e,37
h e r e,37
w o r m,35
s t a r,35
s l i p,35
o x,35
g i r l,35
c o n,35
a r m,35
h a n d,34
f u l,34
c a r d,34
b r e,34
b r a i n,34
r a c e,32
h e a d,32
f o u,32
c r o,32
c h a i r,32
b i l l,32
w i n d,31
h e n,31
a f t,31
w a r,30
t e s,30
r u m,30
d i s,30
w a y,29
n o s e,29
h a n g,29
c a n,29
w i s e,28
w h i t e,28
s h o e,28
m o n e y,28
w o r k,27
u n d e r,27
t o w n,27
t i e,27
s e a,27
r o w,27
r o p e,27
w a s h,26
t o o t h,26
s u g a r,26
n e t,26
h o t,26
h i p,26
e n s,26
t e a,25
s a f e t y,25
p h o n e,25
p a r,25
o l d,25
o a r,25
n e w,25
h o u s e,25
f i r,25
d r y,25
d r u m,25
w a t e,24
t a l,24
r i p,24
p r e,24
c a t,24
b r o,24
a f t e r,24
w a t e r,23
u n s,23
r e t,23
p r o,23
f o u r,23
e p i,23
e g g,23
b u l,23
a n k,23
t w o,22
s p i,22
r a c k,22
l i n e,22
i n n,22
a i r s,22
w i n d o w,21
p r e s,21
l e n g t h,21
g o o d,21
b e l,21
t i m e,20
m o t h,20
l o c k,20
f o r k,20
b o x,20
b i r t h,20
v e n t,19
t r i,19
t a b l e s,19
s a n d,19
m o t h e r,19
m i s,19
l i g h t,19
f o l k,19
w r,18
r i g,18
f o r e,18
f i r e,18
e v e r,18
e d g e,18
e c o,18
c r o s s,18
m o o,17
g e a r,17
b o o t,17
u n c,16
t e l e,16
s u r,16
s i n g,16
s a l,16
p e a,16
h o g,16
g r o u n d s,16
f l y,16
t o w n s,15
t h e r e,15
s p a,15
r o o m,15
w i n g,14
w h o,14
w a l l,14
s c r i p t,14
m a s t e r,14
d r e a m,14
a r c,14
w h i p,13
w h e e l,13
w a r d,13
s t i n g,13
s h i n,13
r u n,13
r e s t,13
i n d e,13
h a m,13
d i e,13
c o m,13
c o l,13
b u r,13
b u l l,13
b o o k,13
b e l l,13
b a c k,13
w o r d,12
w i t,12
w i l l,12
s h o t,12
s h i p,12
p a s s,12
n i g h t,12
m i n i,12
k n e e,12
i n t e r,12
i n k,12
c o c k,12
w a l k,11
t u r n,11
t o m,11
s a w,11
r e c,11
p o r t,11
p a c k,11
l i s t,11
l a t e,11
h i g h e s t,11
h i g h e r,11
g u a r d,11
c u p,11
c a r t,11
b e s,11
b a l l,11
a d v e n t u r e,11
w h e r e,10
s t a n d,10
s l o,10
r i g h t,10
p r e s s,10
p e w,10
p a y,10
o v e r s,10
n o n,10
n e w s,10
l a y e r,10
h o r n,10
h a v e,10
e a s t,10
c h i n,10
c a m,10
b l u e,10
b e e,10
T,10
I,10
t r a n s,9
s p r i n g,9
s i g n,9
s h a r p,9
s e t,9
s c h o o l,9
r o l l,9
r o c k,9
r e l,9
p o w e r,9
m i n d,9
m a i l,9
h e a d s,9
d u s t,9
d i s h,9
d e c,9
d e a t h,9
c a b,9
b o n e,9
B,9
t r e e,8
s t o c k,8
s o f,8
s n a,8
s a i l,8
r o u g h,8
r a w,8
p u n c h,8
p o k e,8
n e s t,8
m o o r,8
m o n o,8
m i l k,8
l o w e r,8
l a n d i n g,8
f u l l,8
f l o w,8
e x,8
d e w,8
c o w,8
c o a l,8
c l o c k,8
c h i l d,8
c a t c h,8
b r o w,8
b l o w,8
b a n k,8
a n t e,8
A,8
w e l l,7
t y p e,7
t r a c k,7
t a l e,7
t a i l,7
s o f t,7
s i d e w,7
s h i r t,7
s e l f,7
r o p e w,7
r e n t,7
r a m,7
p u r,7
p l a y i n g,7
o r d e r,7
o f f i c e,7
m i d,7
m a i d,7
l o o k,7
l o g,7
l a p,7
h o m e,7
h e l l,7
h a r d,7
h a l f,7
g r a n,7
g o n e,7
g l a s s,7
f l a t,7
f l a g,7
f i n g e r,7
e l e c t r o,7
e a r t h,7
d y e,7
d r e s s i n,7
d o w n,7
d i v e,7
d a n c e,7
c o d,7
c l o t h e s,7
c h a r,7
c a m p,7
b e d r,7
a n t i,7
a d o p t,7
w o u l d,6
w i d e,6
w h a t,6
w e n t,6
w e i g h,6
u n r,6
t r a p,6
t h r e e,6
t e n t,6
s w o r d,6
s u n,6
s t a g,6
s p o r t s,6
s p o o n,6
s p e e d,6
s h o p w,6
q u i c k,6
p r i n t,6
p r e s s u r e,6
p l a t e,6
p l a c e,6
p e n n y,6
p a r t,6
p a r a,6
n i t,6
n a m e,6
m a t c h,6
l i t t,6
l a m p,6
l a d y,6
h o o d,6
h e a t,6
h e a r,6
g a t e,6
g a m e,6
f o o t,6
f e l l o w,6
f a r,6
d r o p,6
d r e s s i n g,6
d o u b,6
d i d,6
c l o s e,6
c l a s s,6
b u g,6
b r o a d,6
b l o c k,6
b e l l y,6
b a t h,6
b a d,6
a d m i x,6
U,6
L,6
C,6
w r i s t,5
w i n e,5
w h i r l,5
w a s h i n g,5
w a g,5
u n i,5
t r a d e,5
t i m e s,5
t e l e g r a p h,5
t a p,5
t a l k i n g,5
s w e a t,5
s u c k,5
s t r e e t,5
s t r e a m,5
s t o p,5
s t e a d,5
s t a m p,5
s t a i,5
s t a g e,5
s o u t h,5
s o l,5
s m o o t h,5
s l i d e,5
s l e e,5
s h e l l,5
s h e e p,5
s a x,5
s a l e s,5
r o a d w,5
r i v e r,5
r i d g e,5
r a z o r,5
r a i l,5
q u a r t e r,5
p u s h,5
p o w d e r,5
p l a i n,5
p i l o t,5
p i g g y,5
p i c k,5
p h o t o,5
p e p p e r,5
p a i n,5
o y s t e r,5
o s c i l l o,5
o p e n,5
m o n k e y,5
m i l l i,5
m i c r,5
m a r k e t,5
m a l,5
m a j o r,5
l u m b e r,5
l u g,5
l o v e,5
l o n g w i,5
l i n o,5
l a w,5
l a d d e r,5
k n o t,5
k i c k,5
h a y,5
h a s,5
h a i r p i,5
g r e e n,5
g o v e r n o r,5
g o l,5
f o u n d,5
f o r c e,5
f l e a,5
f i r s t,5
f i e l d,5
f e a t h e r,5
e v e n,5
d o u b l e,5
d o o r,5
d o e s,5
d a y l,5
d a r,5
c r a s h,5
c o u n t e,5
c o r n,5
c o p y,5
c o l l,5
c o f f e e,5
c o b,5
c h i m n e y,5
c a r e,5
c a b l e,5
b r e a d,5
b i l l i a r d,5
b e t t e r,5
b e s t,5
b e e t,5
b a r m,5
b a b y,5
a n y,5
a i r w,5
a d v e r b,5
a d v e n t u r e s,5
S,5
E,5
y e w,4
w o o d c u t,4
w i t h,4
w i t c,4
w i r e,4
w i n d o w s h o p,4
w a s t e,4
w a i s t,4
v i e w,4
u n t o,4
u n d e r s,4
t u r t l e,4
t r u e,4
t r o u b l e,4
t r i p,4
t i g h t,4
t h u m b,4
t h o u g h t,4
t h i n k,4
s t r a i g h t,4
s t o r m,4
s t e a m,4
s q u a r e,4
s p o k e,4
s p i r i t,4
s n o w,4
s i x,4
s i l v e r,4
s i d e s t e p,4
s i c k,4
s h o r t,4
s h e e t,4
s e t s,4
s e e d,4
s a v i,4
r o w i n g,4
r o s e,4
r o o d,4
r o l l i,4
r e i n,4
r e e f,4
p u t t i n g,4
p r i z e,4
p o l l,4
p i p,4
p i n e,4
p a n n i,4
o d d,4
m o t o,4
m i n e,4
m i c r o,4
m e a t,4
m a d,4
l o o k i n g,4
l o n g e s t,4
l o n g e r,4
l a m b,4
k e e p,4
h y d r o,4
h o b,4
h i g h m i,4
h i g h l a n d,4
h e a r t,4
g o i n g,4
g o e s,4
g o d,4
f u l l y,4
f l y i n g,4
f l i n t,4
f l e s h,4
f i r e w,4
f e a t h e r b,4
f a n,4
e n r,4
e g o,4
d i n n e r,4
d e a d,4
c u m u l o,4
c r e d i t,4
c o u n t r y,4
c o u n t e r,4
c o l o u r,4
c o l l a r,4
c l i p,4
c i n e,4
c h a i n,4
c a r r y,4
b u t t o n,4
b u t t e r,4
b u c k,4
b o n e s,4
b o a r d i n g,4
b l a c k l e g,4
a r m s,4
a n g l e,4
a d m i n i s t e r,4
a d m e n,4
a d j o i n,4
N,4
G,4
y a r d,3
y a c h t,3
w o r s e,3
w i t n e s s,3
w i t c h,3
w e e k,3
w e d d i n g,3
w a t e r i n g,3
w a g e,3
t r u n k,3
t r e s t l e,3
t o w i n g,3
t o w e r,3
t o w e l,3
t o u c h,3
t o r p e d o,3
t o r c h,3
t o l l,3
t o a s t,3
t i t,3
t i e p i,3
t h i g h,3
t e s t,3
t e a s,3
t a x,3
t a p e,3
t a n k,3
t a l e b e a r,3
s y n c h r o,3
s u p e r,3
s u i t,3
s u g a r r e,3
s t r i p,3
s t r e t c h e r,3
s t r e s s,3
s t o v e,3
s t o r e,3
s t e r n,3
s t e e p l e,3
s t a t i o n,3
s t a t e,3
s t a r t i n g,3
s t a b l e,3
s p r i t,3
s p o t,3
s p a c e,3
s o u ',3
s o i l,3
s m o o t h i n g,3
s l o w,3
s l o p,3
s l e e p i n g,3
s k i d,3
s i s t e r,3
s i g h t,3
s h o w d,3
s h o u l d,3
s e n s e,3
s e m i,3
s e i s m o,3
s e a t,3
s c r a t c h,3
s c o r e,3
s c a p e,3
s a l t,3
s a l a d,3
s a i l i n g,3
s a f e t y p i,3
r u s t,3
r u m p,3
r o e,3
r o a d s i d e,3
r e m i,3
r e a d i n g,3
r a d i o,3
r a b b i t,3
p r i c e,3
p o o r,3
p o l l i n g,3
p o l i c e,3
p o c k,3
p l u g,3
p l o u g h,3
p l a n e,3
p i p e,3
p i n t,3
p i l l o w,3
p i e r,3
p i a n o,3
p e e p,3
p e a r l,3
p e a c e,3
p a y s,3
p a w n,3
p a r t y,3
p a r a l l e l o,3
p a l l,3
p a i n t,3
o w n e r,3
o v e r l,3
o p e r a,3
o n e s i d e d,3
n u r s,3
n o t e,3
n o r t h,3
n e e d l e,3
n e a p,3
n a i l,3
m o u t h,3
m o t o r,3
m o o n,3
m i s a d,3
m e t a,3
m e s s,3
m e l t i n g,3
m e g a,3
m e e t i n g,3
m a y,3
m a n t e l,3
m a i n,3
m a i l i n g,3
l o u n g e,3
l i t t e r,3
l i m e,3
l i k e m i,3
l e t t e r,3
l e a p,3
k i n g p i,3
j a m,3
j a i l,3
i r r e,3
i m p,3
h o u s e m,3
h o m o,3
h e r e ' l l,3
h e d g e,3
h e a v y,3
h a w,3
h a r e,3
h a l l,3
h a i l,3
h a d,3
g u m,3
g u i n e a,3
g r i p,3
g r e a s e,3
g r a v e,3
g r a s s,3
g r a n d,3
g o v e r n o r s,3
g o l d,3
g o a t,3
g o a l,3
g l o b e,3
f u s s,3
f u n,3
f r u i t,3
f r o n t,3
f o w l,3
f o s t e r,3
f o r t,3
f o l k t a l,3
f l a s h,3
f i r s t b o r,3
f i r e e,3
f i l m,3
f i g,3
e v e r y,3
e n g i n e,3
e a t i n g,3
e a r w i,3
d r a w,3
d o n ' t,3
d i v i n g,3
d i n i n g,3
d i c k y,3
d e e r,3
d e c a r,3
d e a t h r,3
d a y r e,3
c u t a,3
c u r t a i n,3
c r a n,3
c o v e r,3
c o u r t,3
c o r n e r,3
c o n g,3
c o n c e r t,3
c o a c h,3
c i g a r e t t e,3
c h u r c h,3
c h o i r,3
c h a n g e,3
c e n t r e,3
c e m e n t,3
c a r v i n g,3
c a r r i e r,3
c a r p e t,3
b r o t h e r,3
b r o o d,3
b r o a d s,3
b r i d l e,3
b r e e c h,3
b o t t l e,3
b o l t,3
b o i l e r,3
b o d y,3
b l o o d t r a n s,3
b l a c k a m o,3
b e f,3
b e e f,3
b e a n,3
b a t t l e,3
b a s e,3
b a r l e y,3
b a n k r,3
a r c h,3
a d v e r b i a l,3
a d m i n i s t r a t i o n,3
a d j u d g e,3
X,3
V s,3
V n e c k,3
P,3
F r e e,3
B l a c k,3
y e a r,2
w r i t i n g,2
w o r m g e a r,2
w o r l d,2
w o o d w o r m,2
w o o d l a n d,2
w o o d c u t t e r,2
w o l f,2
w i s h,2
w i l d,2
w i d e s t,2
w i d e r,2
w h i s t,2
w e a k,2
w a t c h m a k e r,2
w a t c h k e y,2
w a t c h d o g,2
w a t c h b a n d,2
w a n t a d,2
w a l k i e,2
t y p e s,2
t u r n i n g,2
t r u s t,2
t r i c,2
t r a m,2
t o d o,2
t i p,2
t e a r,2
t a b l e l a n d,2
s w i t c h,2
s w i m,2
s w a n,2
s u n s,2
s u b,2
s t u d,2
s t r o n g,2
s t r a w,2
s t o r m s,2
s t o n y,2
s t o n e p i t,2
s t o n e c u t t e r,2
s t i c k i n g,2
s t e r e o,2
s t e p m o t h e r,2
s t e e r i n g,2
s t a r f i s h,2
s p i n d l e,2
s p e a k,2
s p a r k,2
s o u t h e a,2
s o u n d,2
s o a p,2
s m a l l,2
s l i p r o a d,2
s k y,2
s k e w,2
s i n g l e,2
s i m p l e,2
s i d e s h o w,2
s i d e r o a d,2
s i d e d r u m,2
s h o w w i n d o w,2
s h o w p i e c e,2
s h o w g i r l,2
s h o w b o a t,2
s h o p w i n d o w,2
s h o p g i r l,2
s h o p b o y,2
s h o e m a k e r,2
s e w e,2
s c r a p,2
s a x o p h o n i s t,2
s a x o p h o n e,2
s a p,2
r o c k e t,2
r o a d h o g,2
r o a d b e d,2
r i n g r o a d,2
r e a p,2
r e a f,2
r a t t l e,2
r a c e h o r s e,2
r a c e c a r d,2
q u a r t e r m a s t e r,2
q u a d r,2
p r i e s t,2
p r a i s e,2
p o t b o y,2
p o s t h o r s e,2
p o s t c a r d,2
p o s t b a g,2
p o c k e t,2
p l a y p e n,2
p l a y g r o u n d,2
p l a y g o e r,2
p l a y b o y,2
p l a y b i l l,2
p i l e,2
p i g p e n,2
p i g n u t,2
p i g b o a t,2
p e n n y w,2
p a t c h,2
p a p e r m i l l,2
p a p e r h a n g e r,2
p a p e r b o y,2
p a c k i,2
o n e s t e p,2
o i l s k i n,2
o i l c a n,2
o f f d a y,2
n u m,2
n o s e r i n g,2
n o s e b a g,2
n i c k,2
n e i g h b o u r,2
n e c k t i e,2
n e c k b a n d,2
n e a r,2
m u l t i,2
m o n e y m a k e r,2
m o l e,2
m i s a d v e n t u r e,2
m i l l s t o n e,2
m i l l r a c e,2
m i l l g i r l,2
m a s s,2
m a r s h,2
m a p,2
l o u d,2
l o n g b o w,2
l o n g b o a t,2
l i o n,2
l i n e r,2
l i n e n,2
l i f e j a c k e t,2
l i f e b o a t,2
l i e u,2
l e a t h e r n e c k,2
l e a t h e r j a c k e t,2
l a u g h i n g,2
l a n d s l i p,2
k n i t t i,2
k n i g h t,2
k e y s t o n e,2
k e y r i n g,2
j i,2
j e r e m i a d,2
j a c k p o t,2
i r o n s i d e,2
i n c o m,2
i c e s h o w,2
i c e b o a t,2
h o r s e s h o e,2
h o r s e r a c e,2
h i g h r o a d,2
h i g h l y,2
h i g h l a n d e r,2
h i g h b o y,2
h e n c e,2
h e m,2
h e ' l l,2
h a i r p i e c e,2
h a i r o i l,2
h a i r n e t,2
h a i r d o,2
h a i r c u t,2
g u n d o g,2
g u n b o a t,2
g r o u n d n u t,2
g r o u n d h o g,2
g r o u n d f i s h,2
g r e y,2
g r a p e,2
g o o s e,2
g a s r i n g,2
g a s b a g,2
g a d,2
f o u r s o m e,2
f o u r p o s t e r,2
f o o l,2
f o g,2
f i s h i n g,2
f a r m,2
f a g,2
f a c e c a r d,2
e y e p i e c e,2
e n t r a n c e,2
e i g h t s o m e,2
e b b,2
e a r r i n g,2
e a r p i e c e,2
e a r p h o n e,2
e a r d r u m,2
e a g,2
d u c k,2
d r a i n,2
d o v e,2
d o g w o o d,2
d o g w a t c h,2
d o g o o d e r,2
d o g l e g,2
d o g g o,2
d o g f i s h,2
d i s a,2
d a y l i g h t,2
d a y g i r l,2
d a y b o y,2
d a i r y,2
c u t w o r m,2
c r o s s w,2
c r a b,2
c o u n t e r c,2
c o u l d,2
c o t t o n,2
c o n t r a,2
c o m m o n,2
c o c k s,2
c o a s t,2
c i r c,2
c h e a p,2
c h a r g e,2
c a r t r i d g e,2
c a n d y,2
b y r o a d,2
b u s h,2
b u r g l,2
b r i d e,2
b r i c k,2
b r e e c h e s,2
b r e a t h,2
b r e a s t,2
b r a i n p a n,2
b o x i n,2
b o r e,2
b o a t r a c e,2
b l i n d,2
b l a m e,2
b l a c k j a c k,2
b l a c k b i r d,2
b i r t h r a t e,2
b i r t h d a y,2
b i r d w a t c h e r,2
b i o,2
b i l l p o s t e r,2
b e h a v i,2
b e d s i d e,2
b e d p o s t,2
b e d p a n,2
b e a r s k i n,2
b a l a n c e,2
a r m o u r,2
a i r i n g,2
a d v e n t u r o u s,2
a d v e n t u r e s s,2
a d v e n t u r e r,2
a d r e n a l,2
a d o p t i o n,2
a d m i x t u r e,2
a d m i n i s t r a t o r,2
a d m i n i s t r a t i v e,2
a d m a n,2
a c c,2
U b o a t,2
N o n,2
M,2
D,2
z i p,1
y u l e,1
y o u ' l l,1
y e l l o w,1
w o r s t o f f,1
w o r s e o f f,1
w o r m w o o d,1
w o r m g e a r s,1
w o o l,1
w o o d w o r m s,1
w o o d l a n d s,1
w o o d c u t t e r s,1
w o o d c u t s,1
w o m a n l i k e,1
w i s h i n g,1
w i s d o m t o o t h,1
w i s d o m t e e t h,1
w i n g s,1
w i n d o w s h o p s,1
w i n d o w s h o p p i n g,1
w i n d o w s h o p p e d,1
w i n d i n g s,1
w i l l o w,1
w i c k e t,1
w h y ' l l,1
w h o ' l l,1
w h i z,1
w h i t e c a p s,1
w h i s t l e,1
w h i r l w i,1
w h i r l i,1
w h i p r,1
w h i p p e r,1
w h e r e ' l l,1
w h e n ' l l,1
w h a t ' l l,1
w e t,1
w e n t _,1
w e l t e r,1
w e i g h i n g,1
w e e d,1
w e a t h e r,1
w e ' l l,1
w a y l,1
w a t e r f i,1
w a t e r c,1
w a t c h m a k e r s,1
w a t c h k e y s,1
w a t c h d o g s,1
w a t c h b a n d s,1
w a s t e p a p e r,1
w a r b,1
w a n t a d s,1
w a l k i e t,1
w a i t i n g,1
w a g e c,1
v o l l e y,1
v i n e,1
v i g i l a n t,1
v i e w f i,1
v a p o u r,1
v a n t a g e,1
u n w i,1
u n d e r p i,1
u n d e r l,1
t w e l v e,1
t u r b o j,1
t r u s t w,1
t r o o p,1
t r o l l e y,1
t r e n d s,1
t r a m p,1
t r a i n i n g,1
t r a c t i o n,1
t o w n s w o m e n,1
t o w n s w o m a n,1
t o w n s f o l k,1
t o w n g a s,1
t o r t o i s e,1
t o p s i d e,1
t o o t h s o m e,1
t o e,1
t o d o s,1
t o b y,1
t o a d,1
t i t l e,1
t i t h e,1
t i l t,1
t i g e r,1
t i d e,1
t i c k e t,1
t h u n d e r,1
t h u m b s,1
t h r o t t l e,1
t h r e s h i n g,1
t h o r o u g h,1
t h o l e p i,1
t h e y ' l l,1
t h e r m o,1
t h e r e ' l l,1
t h e n c e,1
t h a t ' l l,1
t h a n k,1
t e n p i,1
t e n n i s,1
t e l e t y p e,1
t e l e p h o t o,1
t e e n y,1
t a x i,1
t a s k,1
t a l l y,1
t a l e t e l l,1
t a i l w i,1
t a b l e l a n d s,1
t a b b y,1
s w i z z l e,1
s w i n e,1
s w i m m i n g,1
s w e e t,1
s w e e p,1
s w e a r,1
s w a s h,1
s u n s h i n e,1
s u n d,1
s u b l i e u,1
s t u m b l i n g,1
s t r o n g m i,1
s t r i k e,1
s t r e e t w,1
s t r a n g l e,1
s t o r y,1
s t o o l,1
s t o n e p i t s,1
s t o n e c u t t e r s,1
s t o m a c h,1
s t o k e,1
s t i r r u p,1
s t i c k p i,1
s t e p m o t h e r s,1
s t e e l,1
s t e a m r,1
s t a r v e,1
s t a r r y e y e d,1
s t a r f i s h e s,1
s t a p l i n g,1
s t a l l,1
s t a k e,1
s t a i r,1
s p y,1
s p r o c k e t,1
s p o n g e,1
s p o i l,1
s p l i n t e r,1
s p i n n i n g,1
s p e r m,1
s p e n d,1
s p e l l,1
s p e a k i n g,1
s p a r r i n g,1
s p a r k i n g,1
s o y,1
s o u t h e a s t,1
s o u r,1
s o u p,1
s o m e o n e,1
s o m e d a y,1
s o d a,1
s n e a k,1
s n a p,1
s n a k e,1
s n a f f l e,1
s m o k i n g,1
s m o k e,1
s m e l l i n g,1
s m e a r,1
s m a l l m i,1
s l u i c e,1
s l o u c,1
s l o t,1
s l i p r o a d s,1
s l i n g,1
s l e u t,1
s l e i g h,1
s l e e p w,1
s l e d g e,1
s l a v e,1
s l a t e,1
s l a p,1
s l a g,1
s k u l l,1
s k i t t l e p i,1
s k i f f l e,1
s k e t c h,1
s k a t i n g,1
s i n g l e m i,1
s i d e s t e p s,1
s i d e s t e p p i n g,1
s i d e s t e p p e d,1
s i d e s h o w s,1
s i d e r o a d s,1
s i d e f a c e,1
s i d e d r u m s,1
s i c k h e a d,1
s i b,1
s h u t t l e,1
s h r e w,1
s h o w w i n d o w s,1
s h o w p i e c e s,1
s h o w g i r l s,1
s h o w e r,1
s h o w b o a t s,1
s h o u l d e r,1
s h o r t e s t,1
s h o r t e r,1
s h o p w i n d o w s,1
s h o p g i r l s,1
s h o p b o y s,1
s h o o t i n g,1
s h o e m a k e r s,1
s h o e l e a t h e r,1
s h o e b l a c k,1
s h o c k,1
s h e a t h,1
s h e ' l l,1
s h a v i n g,1
s h a t t e r,1
s h a r e,1
s h a d e,1
s e w i n g,1
s e w a g e,1
s e t s q u a r,1
s e t s c r,1
s e r v o,1
s e r i o,1
s e r g e a n t,1
s e l f c,1
s e c r e t a r y,1
s e a s o n,1
s e a r c h,1
s c u f f,1
s c r u m,1
s c r u b b i n g,1
s c r i b b l i n g,1
s c r e w,1
s c r e e c h,1
s c r a g,1
s c o u t,1
s c e n e,1
s c a r f p i,1
s c a r e c r o,1
s c a l l o p,1
s c a l i n g,1
s a x o p h o n i s t s,1
s a x o p h o n e s,1
s a v i n g s,1
s a u s a g e r,1
s a s h,1
r o w a n,1
r o u t e,1
r o u n d e l,1
r o o f,1
r o l l e r,1
r o g u,1
r o a d h o g s,1
r o a d b e d s,1
r i n g w o r m,1
r i n g s i d e,1
r i n g r o a d s,1
r i g o r,1
r i g h t m i,1
r i f l e,1
r i d i n g,1
r e t r o,1
r e s t i n g,1
r e n t r,1
r e i n s,1
r e f u s e,1
r e c e p t i o n,1
r e c e i v i n g s,1
r e a r,1
r e a p i n g,1
r a s p,1
r a p i e r,1
r a n g e f i,1
r a m j,1
r a d i o t e l e,1
r a d i o s,1
r a c e h o r s e s,1
r a c e c a r d s,1
r a b b l e,1
q u i z,1
q u i l l,1
q u e s t i o n,1
q u a d r u p,1
p u s s y,1
p u n c h i n g,1
p u l l e y,1
p u f f,1
p s y c h o,1
p r u n i n g,1
p r o p j,1
p r o p e r t y,1
p r o m p t,1
p r o f i t,1
p r o c e s s,1
p r i n t i n g,1
p r i m,1
p r e s s p h o t o,1
p r e s s g,1
p r a y e r,1
p r a t,1
p r a i s e w,1
p o t b o y s,1
p o s t h o r s e s,1
p o s t f r e e,1
p o s t c a r d s,1
p o s t b a g s,1
p o r k,1
p o n y,1
p o l y,1
p o l e s t a r,1
p l y w o o d,1
p l a y p e n s,1
p l a y g r o u n d s,1
p l a y g o e r s,1
p l a y b o y s,1
p l a y b i l l s,1
p l a t e l,1
p l a s t i c,1
p l a n t,1
p l a g u e,1
p i n p o i,1
p i k e,1
p i g s k i n,1
p i g p e n s,1
p i g n u t s,1
p i g i r o n,1
p i g e o n,1
p i g b o a t s,1
p h o n o,1
p e t t i,1
p e r a d v e n t u r e,1
p e n t a,1
p e n n ',1
p a y r,1
p a y c,1
p a t h f i,1
p a s t r y,1
p a s s i o n,1
p a r t y s,1
p a r r o t,1
p a r l o u r,1
p a p e r m i l l s,1
p a p e r h a n g e r s,1
p a p e r b o y s,1
p a n t o,1
p a l e t t e,1
p a i n s,1
p a d d y,1
p a d d l e,1
p a c k i n g,1
p a c e s,1
o u t o f,1
o s t e o,1
o r g a n,1
o r d i n a r y _,1
o p i u m,1
o p e n m i,1
o n t o,1
o n e s t e p s,1
o n e s i d e d n e s s,1
o n e s i d e d l y,1
o n e p i e c e,1
o n e l e g g e d,1
o n e h o r s e,1
o n e e y e d,1
o m n i,1
o l i v e,1
o i l s k i n s,1
o i l p a p e r,1
o i l c a n s,1
o f f w h i t e,1
o f f d a y s,1
o a k,1
n u r s i n g,1
n u r s e m,1
n u m b e r,1
n o s e r i n g s,1
n o s e b a g s,1
n o r t h e a s t,1
n o n c o n,1
n o n c e,1
n o b l e m i,1
n i n e p i,1
n i c k e l,1
n e w s s,1
n e w s c,1
n e w l y,1
n e r v e,1
n e o,1
n e c k t i e s,1
n e c k b a n d s,1
n a t u r o,1
n a r r o w m i,1
n a n n y,1
m u z z l e,1
m u s k,1
m u s i c,1
m u d,1
m u c k,1
m o u s e,1
m o t h e r l i k e,1
m o o r i n g,1
m o n e y m a k e r s,1
m i z z e n,1
m i t r e,1
m i s s,1
m i s r e,1
m i s l,1
m i s d e m e a n,1
m i s a d v e n t u r e s,1
m i n e l,1
m i n c e,1
m i l l s t o n e s,1
m i l l r a c e s,1
m i l l g i r l s,1
m i l k m,1
m i l k i n g,1
m i d d l e,1
m e z z o,1
m e r m,1
m e d i c i n e,1
m e a l y,1
m a s t e r m i,1
m a r s h a l l i n g,1
m a r r o w,1
m a r l i n e,1
m a r i,1
m a r c h,1
m a p l e,1
m a n i c,1
m a l a d m i n i s t r a t i o n,1
m a i d s e r v,1
m a g,1
l u r k i n g,1
l u g g a g e,1
l o v i n g,1
l o s s,1
l o o p,1
l o o n y,1
l o n g w i s e,1
l o n g h a i r e d,1
l o n g b o w s,1
l o n g b o a t s,1
l o i n,1
l o g a n,1
l o c u s t,1
l o a n,1
l i v e l i,1
l i n d e n,1
l i k e w i s e,1
l i g h t n i n g,1
l i g h t m i,1
l i f e l o n g,1
l i f e l i k e,1
l i f e j a c k e t s,1
l i f e b o a t s,1
l i f e b l o o d,1
l i e d e r,1
l e n g t h w i s e,1
l e f t,1
l e a v e,1
l e a t h e r n e c k s,1
l e a t h e r j a c k e t s,1
l e a s e,1
l e a f,1
l a y e r c,1
l a w n,1
l a u n c h i n g,1
l a r y n g o,1
l a r k,1
l a r g e m i,1
l a n t e r n,1
l a n d s l i p s,1
l a d y ' s m,1
k n u c k l e,1
k n i t t i n g,1
k n e e h i g h,1
k i t e,1
k i l o,1
k i l l,1
k i d n e y,1
k e y s t o n e s,1
k e y r i n g s,1
k e e l,1
j u m b l,1
j o y,1
j o s s,1
j o g,1
j i g,1
j e r r y,1
j e r e m i a d s,1
j a y w,1
j a w,1
j a u n t i n g,1
j a c k p o t s,1
i t ' l l,1
i r o n s t o n e,1
i r o n s i d e s,1
i n t r a,1
i n s e c t,1
i n d i s,1
i n c o m e,1
i l l s t a r r e d,1
i d e o,1
i d e n t i,1
i c h n e u m o n,1
i c e s h o w s,1
i c e f r e e,1
i c e b o a t s,1
h y p e r,1
h y d r o g e n _,1
h y d r o c a r,1
h u n t i n g,1
h u n g e r,1
h u n d r e d,1
h u b,1
h o w ' l l,1
h o v e r,1
h o u r,1
h o s e,1
h o r s e w o m e n,1
h o r s e w o m a n,1
h o r s e s h o e s,1
h o r s e r a c e s,1
h o r s e p l a y,1
h o r s e h a i r,1
h o n e y,1
h o l l y,1
h o b b l e,1
h i t c h,1
h i r e,1
h i n d,1
h i g h t o n e d,1
h i g h r o a d s,1
h i g h n e c k e d,1
h i g h l i f e,1
h i g h l a n d s,1
h i g h l a n d e r s,1
h i g h k e y e d,1
h i g h e s t k e y e d,1
h i g h e r k e y e d,1
h i g h b o y s,1
h i g h b o r n,1
h i d i n g,1
h e x a,1
h e m m i n g,1
h e l p,1
h e i r,1
h e a v e n,1
h e a r t h,1
h e a r t d i s,1
h e a d w i,1
h a v e r,1
h a t p i,1
h a n g d o g,1
h a n d m,1
h a n d i,1
h a i r p i e c e s,1
h a i r o i l s,1
h a i r n e t s,1
h a i r l i k e,1
h a i r d o s,1
h a i r c u t s,1
h a c k,1
g u t t e r,1
g u n n y,1
g u n d o g s,1
g u n b o a t s,1
g u i l d,1
g u e s t,1
g r o u n d n u t s,1
g r o u n d h o g s,1
g r o u n d f i s h e s,1
g r e a t,1
g o s,1
g o o d w i l l,1
g o n e _,1
g o l f,1
g o i n g _,1
g o e s _,1
g o _,1
g l o r y,1
g i n g e r,1
g h o s t,1
g e n r e,1
g a s r i n g s,1
g a s b a g s,1
g a n g,1
g a m e s,1
g a m b l i n g,1
g a l l e y,1
f u r t h e r,1
f u n n y,1
f u n d,1
f r o s t,1
f r o g,1
f r o c k,1
f r e t,1
f r e i g h t,1
f r e e z i n g,1
f r e e w i l l,1
f r e e s t o n e,1
f r e e p o s t,1
f r e e b o r n,1
f r a n k i n g,1
f o x,1
f o u r s o m e s,1
f o u r p o s t e r s,1
f o u r p l y,1
f o r t u n e,1
f o r t h,1
f o o d,1
f o g s,1
f l y s,1
f l o r,1
f l o o r w,1
f l o o d,1
f l i p,1
f l i c k,1
f l e d g,1
f l a r e,1
f l a m e,1
f i s t i,1
f i r i n g,1
f i d d l e,1
f e l l _,1
f e e d i n g,1
f a u l t f i,1
f a t i g u e,1
f a r e,1
f a l s e,1
f a l l s _,1
f a l l i n g _,1
f a l l e n _,1
f a l l _,1
f a i r y t a l,1
f a c e c a r d s,1
e y e t o o t h,1
e y e t e e t h,1
e y e p i e c e s,1
e x t r a,1
e x h a u s t,1
e v i l m i,1
e q u i,1
e l k,1
e l e v a t,1
e l e c t r o e n c e p h a l o,1
e l d e r,1
e j e c t o r,1
e i g h t s o m e s,1
e i d e r d,1
e d g e w i s e,1
e c h o,1
e a v e s,1
e a r r i n g s,1
e a r p i e c e s,1
e a r p h o n e s,1
e a r d r u m s,1
d u s t s,1
d u n g,1
d u m p,1
d u m b,1
d u c k i n g,1
d r y e y e d,1
d r u g,1
d r o p p i n g,1
d r i v i n g,1
d r i n k i n g,1
d r i e s t e y e d,1
d r i e r e y e d,1
d r i b,1
d r e a d,1
d r a w i,1
d r a i n a g e,1
d r a g o n,1
d o u b l e d e,1
d o o d l e,1
d o g w o o d s,1
d o g w a t c h e s,1
d o g t o o t h,1
d o g t e e t h,1
d o g o o d e r s,1
d o g l i k e,1
d o g l e g s,1
d o g f i s h e s,1
d o g e a r e d,1
d o g ' s t o o t h,1
d o g ' s t e e t h,1
d o c k,1
d i v i d e n d,1
d i s p a t c h,1
d i s e n,1
d i s e m,1
d i s c,1
d i s a f,1
d i r t,1
d i r e c t i o n f i,1
d i p,1
d i n n e r s,1
d i m,1
d e s s e r t s,1
d e p t h,1
d e m i,1
d e e d,1
d e c o m,1
d a y g i r l s,1
d a y b o y s,1
d a r n i,1
d a r e,1
d a p p l e,1
d a i r y m,1
c u t w o r m s,1
c u t r a t e,1
c u r l i,1
c u c k o o,1
c r y p t o,1
c r y b,1
c r u e t,1
c r o w ' s,1
c r o s s w i,1
c r o c h e t,1
c r e d i t w,1
c r a n k,1
c r a n e,1
c o x,1
c o u p,1
c o u n t e r s,1
c o r k s,1
c o p p e r,1
c o o l i n g,1
c o n v e y e r,1
c o m b i n a t i o n,1
c o g,1
c o f f e r,1
c o c k l e,1
c o c k c r o,1
c o a l i n g,1
c l o v e r,1
c l o u d,1
c l o t h e s p i,1
c l o s e s t,1
c l o s e r,1
c l o g,1
c l o d,1
c l a w,1
c l a s p,1
c l a n g o r,1
c l a m,1
c i v e t,1
c i t y s,1
c i r c u m,1
c i n e m a t o,1
c i n d e r,1
c i d e r,1
c h r o n o,1
c h o p,1
c h i n a,1
c h i c k e n,1
c h e e s e,1
c h e e r,1
c h e e k,1
c h e c k,1
c h a w,1
c h a r t e r,1
c h a r g e s,1
c h a r c o a l,1
c h a m b e r m,1
c h a i r w o m e n,1
c h a i r w o m a n,1
c h a f,1
c e n t i,1
c a v e,1
c a t w,1
c a t c h m e n t,1
c a r r i o n c r o,1
c a n n o n,1
c a n d l e,1
c a m i,1
c a c a o,1
b y r o a d s,1
b y p l a y,1
b u s h b,1
b u r r,1
b u r g l a r,1
b u n g,1
b u m b l,1
b u l l e t,1
b r o o m,1
b r o a d m i,1
b r i g a d i e r,1
b r i e f,1
b r i d e s m,1
b r i c k l,1
b r e e z e,1
b r e a t h i n g,1
b r a n d y,1
b r a i n p a n s,1
b r a c e,1
b o x i n g,1
b o w l i n g,1
b o w l e g g e d,1
b o o b y,1
b o n d,1
b o m b,1
b o i l i n g,1
b o b,1
b o a t r a c e s,1
b o a r d w,1
b o a c o n s t r i c t,1
b l u n d e r,1
b l o o d y m i,1
b l o o d m o n e y,1
b l o c k a d e,1
b l a s t,1
b l a m e w,1
b l a e,1
b l a c k l e g s,1
b l a c k l e g g i n g,1
b l a c k l e g g e d,1
b l a c k j a c k s,1
b l a c k e y e d,1
b l a c k b i r d s,1
b l a b b e r,1
b i r t h r a t e s,1
b i r t h d a y s,1
b i r d w a t c h e r s,1
b i r d b r a i n e d,1
b i r d ' s e y e,1
b i r c h,1
b i l l p o s t i n g,1
b i l l p o s t e r s,1
b i l e,1
b i g w i,1
b e l i t t,1
b e l a y i,1
b e e s,1
b e d s i d e s,1
b e d p o s t s,1
b e d p a n s,1
b e a u t y,1
b e a r s k i n s,1
b e a c h,1
b a y,1
b a t h i n g,1
b a s k e t,1
b a r o,1
b a r n,1
b a n t a m,1
b a n n i n g,1
b a n i a n,1
b a l l e t,1
b a l d,1
b a l a n c e s,1
b a k i n g,1
b a d l y o f f,1
b a b y m i,1
b a a,1
a u t o,1
a t o m i c _,1
a s t r o,1
a r s e,1
a q u a,1
a n t e p,1
a l p e n,1
a l l s t a r,1
a l l d a y,1
a l a r m,1
a i n ' t,1
a f t e r l i v e s,1
a f t e r l i f e,1
a f t e r b i r t h,1
a e r o,1
a d v e r b s,1
a d v e r b i a l s,1
a d v e r b i a l l y,1
a d v e n t u r o u s l y,1
a d v e n t u r i n g,1
a d v e n t u r e s s e s,1
a d v e n t u r e s o m e,1
a d v e n t u r e r s,1
a d v e n t u r e d,1
a d v a n c e d _,1
a d r e n a l i n,1
a d o p t s,1
a d o p t i v e,1
a d o p t i o n s,1
a d o p t i n g,1
a d o p t e d,1
a d m i x t u r e s,1
a d m i x i n g,1
a d m i x e s,1
a d m i x e d,1
a d m i n i s t r a t o r s,1
a d m i n i s t r a t i v e l y,1
a d m i n i s t r a t i o n s,1
a d m i n i s t e r s,1
a d m i n i s t e r i n g,1
a d m i n i s t e r e d,1
a d m a s s,1
a d j u d g i n g,1
a d j u d g e s,1
a d j u d g e d,1
a d j o i n s,1
a d j o i n i n g,1
a d j o i n e d,1
a d d i n g,1
a c o r n,1
a b s e n t m i,1
Y e m e n,1
V n e c k s,1
V n e c k e d,1
U b o a t s,1
T w e l f t h,1
R,1
Q a t a r,1
P a k i s t a n,1
O,1
N e p a l,1
M o,1
L a d y,1
J,1
I s r a e l,1
I r a q,1
I ' l l,1
H,1
G s t r i n,1
E a,1
C o l o n e l _,1
C h r i s t m a s,1
B h u t a n,1
B a n g l a d e s h,1
B a h r a i n,1
A n g l o I,1
A m e r i,1
A f r o w i,1
A f r o A,1
