e,8384
s,6889
a,6088
r,5656
i,5583
t,5129
o,5110
n,5094
l,3988
d,3502
c,2764
g,2763
h,2669
p,2332
e r,2137
b,2064
u,2002
e s,1850
m,1822
y,1809
i n,1767
w,1517
f,1489
k,1430
n g,1285
e d,1186
s t,1077
i n g,1060
t e,1008
o n,938
a n,920
a r,892
n e,883
r s,862
r e,847
l e,829
e n,754
t i,736
e a,696
o r,674
a l,605
d e,604
e r s,598
s e,578
r i,562
t h,558
t s,557
t o,520
o u,501
i e,499
k e,482
c e,477
e t,471
o o,454
e l,453
n s,447
s s,434
m a,430
i t,429
v e,427
a d,407
e e,405
a s,403
d s,401
i r,396
l y,395
t a,392
i c,386
g e,378
c a,378
u n,365
t e r,360
o t,360
c o,336
p i,328
s i,327
e s s,318
u r,313
b e,301
a t e,299
_,293
a y,292
o l,290
m i,290
i o n,282
g h,273
n i,272
d i,269
i d,264
o s,261
o n e,256
a b,244
u s,239
b i,234
e s t,232
i e s,224
l s,218
w i,215
a g,214
t i o n,212
f e,210
n e s s,200
e y,200
y s,195
k s,193
e n t,187
a l l,187
i n e,176
t i n g,174
l e s,174
p e r,171
d e r,171
n o,168
p s,164
e a r,164
r y,162
m e n,162
i s t,160
i s h,159
c t,157
t e d,156
m a n,155
j,153
i l l,153
b l e,151
a k,149
x,146
h t,146
k e r,140
a t i o n,140
o r s,138
t y,135
a f,135
g o,131
e m,131
a i n,130
s e s,128
r i n g,127
o u s,126
r e s,125
a i r,124
u m,122
d e d,121
i v e,118
o v e,116
c e s,114
o t h,112
t e s,110
t e r s,106
i c e,106
l a n d,105
a b l e,104
s i d e,103
r e d,103
i e r,101
a n t,101
u r e,99
n e r,99
k i n g,98
i m,96
a g e,96
t o r,95
h a i r,95
e y e,95
c a r,95
h i g h,94
f i s h,94
p i n,92
b o a t,92
d a y,91
s t o n e,90
p o t,90
d i n g,89
i z e,88
i o n s,88
i n s,88
o v e r,87
s t e r,86
o k,85
b e d,85
p o s t,84
p l a y,84
g e r,84
n e d,82
f a c e,82
f r e e,81
l i n g,80
u p,79
d e s,79
a d e,79
o f f,78
a t e s,78
t i o n s,77
h o r s e,76
e t s,75
l o n g,73
o u t,72
l e r,72
t i c,71
p a n,71
b a g,71
a w,71
i n g s,70
t o p,69
d o g,69
c o n,68
w o o d,67
s o m e,67
o i l,67
f u l,67
b o y,67
t i e,66
g u n,66
c a t,66
v e s,65
s k i n,65
r o a d,65
r a i n,65
b l o o d,65
b i r d,65
p e n,64
k e r s,64
b a r,64
r i e s,63
p a p e r,63
n a l,63
n i n g,62
l i k e,62
j a c k,60
a t e d,60
s h o p,59
i a l,59
l e s s,58
w a r,57
t a r,57
s _,57
g a s,57
e n s,57
b l a c k,57
a l l y,57
w o m a n,56
t a b l e,56
a s s,56
t e n,55
a t i o n s,55
a t i n g,55
p i n g,54
i e s t,54
d e r s,54
w a t c h,53
w a y,52
t h s,52
a r m,52
a n c e,52
k e d,51
h e a d,51
h a n d,51
s a f e,50
k e y,50
i c a l,50
g e s,50
g _,50
l e d,49
g i n,49
g e d,49
c r o,49
b y,49
b a n d,49
n u t,48
i n g _,48
i n e s s,48
s t e p,47
p e r s,47
m i l l,47
i t y,47
i l e,47
c u t,47
p i t,46
l i f e,46
y i n g,45
w o m e n,45
p i e c e,45
n e c k,45
e y e d,45
e n c e,45
p i g,44
i s t s,44
i r o n,43
b o a r d,43
' s,43
t r i,42
s h i p,42
n g i,42
e d _,42
t i e s,41
s t a r,41
s e a,41
k e s,41
f s,41
w o r k,40
m e n t,40
i s m,40
b o a t s,40
w o r m,39
p r o,39
p e d,39
l i n e,39
g i r l,39
e t t e,39
d e n,39
t e a,38
s l i p,37
h e n,37
g r a p h,37
c o m,37
s i n g,36
c t i o n,36
h o u s e,35
e r i n g,35
e r e d,35
b r a i n,35
u a l,34
i n k,34
e d l y,34
d i s,34
c h a i r,34
b e d s,34
w i s e,33
w i n d,33
e r y,33
e l y,33
r e n,32
r a c e,32
p r e,32
i e d,32
b r o,32
b i l l,32
y e r,31
u n d e r,31
i a n,31
e e n,31
e d n e s s,31
e _,31
l o c k,30
l a n d s,30
g i n g,30
b o x,30
a l s,30
w h i t e,29
w a s h,29
t o o t h,29
s t o n e s,29
n o s e,29
m o n e y,29
m i n g,29
m e d,29
i c a l l y,29
e s _,29
d r y,29
d a y s,29
c y,29
b o y s,29
w a r d,28
v i n g,28
t i m e,28
s t e r s,28
s h o e,28
r o p e,28
g e r s,28
e n e s s,28
e g g,28
e e s,28
b a g s,28
w i t,27
w a t e r,27
s u g a r,27
s a l,27
l i g h t,27
a r y,27
l e r s,26
i z e d,26
i l y,26
x e s,25
s a f e t y,25
p o t s,25
f i s h e s,25
e s s e s,25
b u l,25
a f t e r,25
w h e e l,24
w a y s,24
s u r,24
s e t,24
o u s l y,24
m i s,24
h o l e,24
t o r s,23
o e s,23
m a s t e r,23
i z i n g,23
i z e s,23
i v e s,23
h o r s e s,23
g u n s,23
u r e s,22
t l y,22
r o o m,22
m o t h,22
e x,22
e e r,22
d e d n e s s,22
b o o k,22
b i r t h,22
u s e s,21
m i n d e d,21
i o u s,21
g a t e,21
f i r e,21
b a c k,21
t a b l e s,20
s m a n,20
s a n d,20
i t i e s,20
i e r s,20
f o r e,20
e s o m e,20
c r o s s,20
c l o t h,20
a l i z e,20
a g e s,20
w i n g,19
t e l e,19
l i n e s,19
c u p,19
c o c k,19
b e l l,19
i z a t i o n,18
i s h l y,18
i n t e r,18
f o o t,18
e v e r,18
e l e s s,18
c i e s,18
b a l l,18
a n t s,18
a b l y,18
' t,18
' d,18
w o r d,17
v e d,17
s t a n d,17
n u t s,17
h e a r t,17
f l y,17
e r i e s,17
d o w n,17
b l o w,17
a k i n g,17
' l l,17
s h o p s,16
p l a t e,16
i s t i c,16
i d s,16
g y,16
e o u s,16
d r o p,16
d e d l y,16
c o l l,16
w e l l,15
s k i n s,15
s i o n,15
s h o t,15
r o c k,15
p a y,15
n i g h t,15
m a l,15
i s h n e s s,15
f e d,15
e n c e s,15
e m e n,15
a n t i,15
s h i p s,14
s c h o o l,14
o u s n e s s,14
n _,14
l e s s l y,14
i v e l y,14
h o o d,14
h e a d e d,14
f i n g,14
e m a n,14
b o a r d s,14
a t i v e,14
a r c h,14
y _,13
t i c a l l y,13
s m e n,13
p r e s s,13
p e n n y,13
o v e r s,13
o i n g,13
m i l l s,13
l o v e,13
g g i n,13
d o m,13
c a r t,13
b u l l,13
b o x e s,13
b o n e,13
a n c e s,13
' v e,13
w i t h,12
t u r n,12
s t o c k,12
s t i c k,12
o r y,12
i o n i s t,12
i b l e,12
i a l l y,12
i a g e,12
h o u s e s,12
h e a r t e d,12
h e a d s,12
g l a s s,12
f u l s,12
d u s t,12
b o m b,12
b l u e,12
' r e,12
y e r s,11
u p s,11
t r e e,11
m e n t s,11
i n g l y,11
h a l f,11
f u l n e s s,11
f u l l y,11
e n t l y,11
c o a l,11
w a r d s,10
s o f,10
s i c k,10
r o o m s,10
n o n,10
n e w s,10
n a m e,10
i n g i n,10
i c s,10
h o l e s,10
f i e l d,10
e n _,10
e f u l,10
c t s,10
c o w,10
b o u n d,10
b i n g,10
a r i e s,10
a l i t y,10
a b i l i t y,10
_ o u t,10
T,10
w o r k s,9
t r a n s,9
t a i l,9
s i g h t,9
o t h s,9
m i d,9
l i g h t s,9
l i e r,9
l e s s n e s s,9
l a n d i n g,9
h o m e,9
e n e d,9
b o o k s,9
A,9
y a r d,8
t y p e,8
t i n g _,8
s u n,8
s t o r m,8
s h i r t,8
s h e l l,8
s e l f,8
p o w d e r,8
p o i n t,8
p i p e,8
p i n s,8
o u g h t,8
m o n o,8
m i l k,8
m a s t e r s,8
l i n e s s,8
i n k s,8
e n i n g,8
c h e c k,8
c a k e,8
a t i c,8
a k s,8
L,8
u d e,7
s u b,7
s t r i p,7
p l a c e,7
p h o t o,7
l i n g s,7
l a m p,7
i z a t i o n s,7
i v e n e s s,7
i o u s l y,7
g o n e,7
g o d,7
e m e n t,7
e e r s,7
e a r t h,7
e a b l e,7
c t e d,7
c o r n,7
b a c k s,7
C,7
w e n t,6
u n d e r s,6
t i m e s,6
s o u t h,6
q u i c k,6
q u a r t e r,6
p r o o f,6
m a r k e t,6
i f y,6
i f i c a t i o n,6
h a l l,6
g o i n g,6
g a m e,6
e n c y,6
e e i n g,6
d o o r,6
c t i n g,6
c l a s s,6
b r o a d,6
b r e a d,6
b a l l s,6
b a b y,6
a l i z i n g,6
a l i z e s,6
a l i z e d,6
w i r e,5
t i e r,5
s i o n s,5
n a i l,5
m a i n,5
l i e s t,5
i s t i c a l l y,5
i o u s n e s s,5
i o n i s t s,5
i b l y,5
i b i l i t y,5
g o e s,5
e o u s l y,5
e l e s s l y,5
d o u b l e,5
c o p y,5
b r e a s t,5
b o n e s,5
b e t t e r,5
b e s t,5
a t i v e l y,5
a n t l y,5
S,5
y i n g _,4
y a r d s,4
w e e k,4
u a l l y,4
s p a c e,4
s n o w,4
s k y,4
s h o r t,4
r e i n,4
p o i n t s,4
o p e r a,4
m o t o r,4
m o s t,4
m i c r o,4
i n k i n g,4
i e s _,4
i a g e s,4
i a b l e,4
g r a p h s,4
f o x,4
f l a s h,4
e t t e s,4
c o u n t e r,4
c h a i n,4
a n g i,4
t r e e s,3
t i e s t,3
t e l y,3
s u p e r,3
s t i c k s,3
s e m i,3
r a d i o,3
l e a f,3
i s m s,3
i f y i n g,3
i f i e s,3
i f i e d,3
i f i c a t i o n s,3
h e d g e,3
h e a r t e d n e s s,3
h e a r t e d l y,3
g r a n d,3
g o l d,3
f l i e s,3
e l e s s n e s s,3
c a k e s,3
a t o r y,3
a t i c a l l y,3
u n n i,2
t i t l e,2
s t o r m s,2
r e a f,2
i n g _ o u t,2
f o g,2
e m e n t s,2
e f u l n e s s,2
e f u l l y,2
e b o o k,2
b a t h i n g,2
b a r n,2
a t i v e s,2
w e a t h e r,1
m u d,1
k i l o,1
h o n e y,1
e b o o k s,1
d i s e n,1
d i s e m,1
d i s c,1
a u t o,1
