i,659
a,452
e,421
o,400
l,266
u,229
p,175
s,159
t,157
g,136
e a,121
n,114
n i,107
m,99
d,77
r,76
b,67
g i n,62
s e,58
e e,50
i n,42
e n,38
a n,38
t a,37
d e,28
t i,19
c,19
i d,16
h,16
f,16
r i,14
s i,13
e t,13
o u,12
o o,11
n g i,11
c a,11
g g i n,10
i t,9
v,8
n d e,8
i v,8
i n g,8
e c,8
w e,7
o n,7
u o,6
u l f,6
s s,6
n n i,6
i c,6
g n,6
e v,6
e r,6
c h u,6
a y d,6
z,5
r e,5
r b,5
o o f r,5
n a t i o,5
l f u,5
k,5
i n a t,5
a t,5
y,4
u m,4
t m a s,4
t h r,4
s s a,4
r e p,4
r a,4
o s,4
o o k b i,4
o l,4
l y l,4
l p,4
l h a u,4
k c,4
i t t l e t,4
i e,4
h s,4
g h,4
e r t,4
e r i,4
e b,4
d n,4
d d e,4
c k,4
w,3
u r,3
u n,3
s n e s,3
s i e,3
r e d,3
o n c,3
l a b,3
k m a r,3
k l,3
i t u d,3
i r,3
h o,3
e t a r i,3
e a t,3
y w a,2
y b,2
y a,2
w e e p s,2
u n n i,2
u b t,2
t s,2
t r o o,2
t r a l,2
t m e n,2
t c o a,2
t c h m e n t a,2
s u,2
s t e,2
s o l,2
s m i,2
s m a,2
s h o u,2
r t o,2
r i n g p a r,2
r i n g a,2
r i c k b,2
r b o a,2
p f l o,2
o w d e r p,2
o u l s,2
o t,2
o r t y f,2
o r n c,2
o r l d w,2
o p,2
o n g u e t,2
o l i c a,2
o i,2
o c l,2
o c,2
o b g,2
n p i,2
n p e,2
n o r t h,2
n l a,2
n g p i,2
n g,2
n d s c r e e n w i,2
n d a,2
m p u,2
l p o o,2
l k a,2
l i c a,2
l i,2
l h o,2
l a y e r p,2
i t r,2
i t p,2
i n g w i,2
i n g t,2
i n e c,2
i g,2
i a t,2
h t,2
h o u,2
h o p s,2
h a c,2
g l i n,2
g e s t a,2
g a,2
f e l i,2
f a,2
e t y f,2
e t t,2
e s t o n,2
e s,2
e p i p,2
e o m,2
e n s,2
e l o,2
e l l w,2
e l f s,2
e h o l,2
e d o v,2
e d,2
e a r w o,2
e a r e,2
e a g,2
d i g,2
c i,2
b i t b,2
b e,2
a t i v,2
a r w,2
a n g,2
a l r,2
a l f h,2
a g,2
y e,1
w e e t s,1
w a,1
u g,1
u c,1
t n ',1
t g u,1
s s n e,1
s s e,1
s o u t h,1
s o n i,1
s f o u r,1
s e r,1
r w a,1
r o w r,1
r o,1
r i s r,1
r i d,1
r e e f,1
r e e d y g,1
r a g,1
r a c k l e c,1
p i n d l e s,1
p h a,1
o w d,1
o u b l,1
o o d l,1
o d,1
o c k t,1
o c k d,1
o E u r o p e,1
n u,1
n r,1
n o,1
n n i s e,1
n i n g s r,1
n i a,1
n e s o,1
n e,1
n d h a,1
n a,1
m p,1
m e l l i n g s,1
l u,1
l f s e,1
l f e,1
l e b,1
l a b i,1
k w o r,1
k n i c k,1
i v e n,1
i s,1
i p r,1
i n n i,1
i n k e t y c l,1
i n g i,1
i g g i n,1
i f,1
h e l l s,1
h e,1
f u l,1
f u,1
f t s o,1
f r o A,1
f e l i k,1
e t i,1
e p a p,1
e o v,1
e n t,1
e l,1
e i r,1
e d r,1
e a s u r e t r,1
e a n l,1
e a d e,1
d f o l,1
c i e n c e s,1
b i n a t i o n,1
b a,1
a w,1
a u l t f,1
a n g i,1
a i n,1
a c t f,1
a b l e t,1
a b b l e r,1
a ',1
