e,3812
n,3492
a,2854
i,2420
o,2158
s,2001
b,1994
d,1686
h,1036
c,1000
p,993
re,979
l,912
un,849
w,843
t,834
m,826
g,599
r,509
air,433
dis,375
f,360
over,338
ill,242
out,229
car,200
mis,184
under,163
road,135
side,129
eye,113
sea,108
inter,103
ear,103
y,98
up,95
fore,94
water,91
pot,84
land,84
back,84
horse,80
dog,80
bul,79
ice,76
sub,75
post,75
face,75
wood,73
high,70
top,69
boy,68
free,66
counter,66
stone,65
night,64
cross,64
black,64
ring,63
fire,63
lock,60
tele,59
table,59
day,58
piece,57
off,56
skin,55
arm,55
self,54
half,54
trans,53
sof,53
hand,53
tea,52
shop,52
paper,52
foot,52
house,50
head,49
time,48
step,48
low,47
long,47
blood,47
u,46
race,46
show,45
watch,44
type,44
oil,44
ex,44
boat,44
nut,42
life,42
key,42
k,42
gas,42
double,42
cut,42
shoe,41
ox,41
fish,41
blue,41
band,41
ground,40
word,39
bor,39
ass,39
worm,38
star,38
love,37
down,37
girl,36
war,35
play,35
ove,35
like,35
sur,33
safety,33
pole,33
bar,33
iron,32
wind,31
town,31
news,31
book,31
bell,31
fly,30
bird,30
phone,29
door,29
snow,28
short,28
ship,28
nose,28
jack,28
work,27
some,27
per,27
money,27
woman,26
well,26
tie,26
semi,26
sand,26
photo,26
stock,25
sky,25
service,25
king,25
edge,25
brain,25
mother,24
fishes,24
after,24
wash,23
tooth,23
women,22
way,22
storm,22
radio,22
green,22
copy,22
cock,22
wing,21
weather,21
super,21
sugar,21
leg,21
safe,20
rope,20
micro,20
bread,20
pay,19
line,19
landing,19
four,19
finger,19
deep,19
corn,19
wes,18
turn,18
press,18
minded,18
grand,18
gold,18
birth,18
ski,17
sick,17
school,17
quick,17
quarter,17
light,17
heart,17
dust,17
death,17
',17
window,16
tap,16
spring,16
rip,16
mid,16
master,16
makers,16
maker,16
break,16
bow,16
arch,16
three,15
slip,15
mono,15
milk,15
home,15
dry,15
chain,15
baby,15
white,14
where,14
two,14
tar,14
steam,14
space,14
shirt,14
rock,14
net,14
neck,14
name,14
length,14
jackets,14
jacket,14
j,14
game,14
folk,14
egg,14
clothes,14
best,14
tri,13
tail,13
round,13
right,13
rack,13
power,13
make,13
lip,13
leather,13
hard,13
full,13
ever,13
drum,13
bob,13
auto,13
L,13
C,13
sound,12
shot,12
rough,12
mind,12
match,12
knee,12
honey,12
hay,12
dinner,12
class,12
chimney,12
check,12
camp,12
wheel,11
place,11
penny,11
pack,11
mud,11
motor,11
market,11
loud,11
legged,11
kilo,11
highest,11
higher,11
good,11
fork,11
flat,11
crash,11
breast,11
better,11
bank,11
T,11
M,11
wine,10
waste,10
trap,10
thumb,10
there,10
sports,10
sheep,10
seed,10
rood,10
pea,10
gate,10
field,10
drop,10
coll,10
aqua,10
S,10
x,9
street,9
southwes,9
slo,9
single,9
salt,9
ridge,9
retro,9
rate,9
rabbit,9
powder,9
northwes,9
moor,9
moon,9
mega,9
lug,9
log,9
litter,9
law,9
lap,9
horn,9
hare,9
force,9
flag,9
far,9
electro,9
dressing,9
depth,9
cotton,9
close,9
char,9
button,9
butter,9
bottle,9
boot,9
battle,9
bathing,9
A,9
yard,8
watches,8
title,8
tip,8
tight,8
test,8
teeth,8
strip,8
stereo,8
southe,8
south,8
silver,8
sight,8
riding,8
prize,8
prayer,8
ply,8
plate,8
pipe,8
pilot,8
pepper,8
para,8
opera,8
northe,8
north,8
nit,8
muck,8
monkey,8
mine,8
litt,8
litho,8
hood,8
gum,8
globe,8
foster,8
flash,8
east,8
dumb,8
dive,8
child,8
cable,8
bush,8
brick,8
bomb,8
body,8
angle,8
aero,8
what,7
ter,7
tax,7
swimming,7
stand,7
stair,7
stage,7
spell,7
six,7
sharp,7
second,7
scape,7
quadr,7
punch,7
pigeon,7
party,7
oyster,7
musk,7
middle,7
lime,7
letter,7
lady,7
jerry,7
hydro,7
homo,7
guard,7
glass,7
flying,7
first,7
fast,7
facing,7
dress,7
dream,7
diving,7
dance,7
curtain,7
carpet,7
V,7
wrist,6
woul,6
wicket,6
waist,6
towel,6
tit,6
telegraph,6
task,6
sweet,6
sweat,6
sting,6
stepping,6
starting,6
spirit,6
speed,6
speaking,6
soda,6
smoke,6
small,6
sleepw,6
sleeping,6
sketch,6
shoulder,6
shooting,6
shep,6
sheet,6
sales,6
rust,6
roller,6
rent,6
push,6
pub,6
pruning,6
print,6
pressure,6
pillow,6
pick,6
part,6
owner,6
note,6
nail,6
music,6
multi,6
mouth,6
moth,6
luggage,6
lieu,6
left,6
lamp,6
kick,6
jayw,6
hitch,6
have,6
grape,6
golf,6
front,6
feather,6
eaves,6
eating,6
drinking,6
does,6
demi,6
credit,6
concert,6
colour,6
coffee,6
cigarette,6
church,6
choir,6
centi,6
brow,6
bride,6
boarding,6
billiard,6
bath,6
R,6
writing,5
world,5
wool,5
wolf,5
watchers,5
watcher,5
view,5
turtle,5
trouble,5
thermo,5
strong,5
square,5
spread,5
spoon,5
spindle,5
snack,5
smoking,5
sign,5
shell,5
script,5
sailing,5
river,5
rig,5
rattle,5
pur,5
polling,5
playing,5
pile,5
piggy,5
par,5
order,5
old,5
needle,5
naturo,5
meat,5
mailing,5
lumber,5
looking,5
legging,5
leaf,5
landed,5
lamb,5
jam,5
ideo,5
hell,5
heavy,5
haw,5
ham,5
grey,5
grass,5
governor,5
fruit,5
frog,5
freezing,5
flesh,5
flea,5
fishing,5
eaters,5
eater,5
dye,5
desserts,5
crab,5
country,5
coast,5
china,5
chicken,5
candy,5
candle,5
bug,5
buck,5
blind,5
behavi,5
beef,5
beauty,5
armour,5
U,5
E,5
widest,4
wedding,4
watering,4
washing,4
video,4
utter,4
trunk,4
trolley,4
trestle,4
torch,4
toast,4
threshing,4
thought,4
teeny,4
strike,4
stream,4
straw,4
straight,4
stomach,4
stoke,4
stepped,4
steel,4
stamp,4
spy,4
speak,4
sour,4
snap,4
snake,4
smoothing,4
sluice,4
slide,4
sister,4
sing,4
shin,4
sense,4
screw,4
scratch,4
score,4
scene,4
sala,4
rubber,4
rowan,4
rocket,4
rifle,4
razor,4
question,4
psycho,4
priest,4
pork,4
police,4
plough,4
plane,4
pinpoi,4
phonic,4
peep,4
pearl,4
peace,4
pawn,4
patch,4
paddle,4
pace,4
oscillo,4
organ,4
omni,4
nickel,4
nick,4
new,4
nerve,4
molly,4
mezzo,4
meta,4
mess,4
melting,4
medicine,4
mantel,4
maid,4
loving,4
lounge,4
loan,4
list,4
lightning,4
lease,4
launching,4
knot,4
keel,4
joy,4
intra,4
hunger,4
holiday,4
hetero,4
help,4
hail,4
guinea,4
grease,4
grave,4
gran,4
goose,4
goers,4
goer,4
ginger,4
galley,4
fuss,4
fool,4
flood,4
flint,4
film,4
fellow,4
even,4
electroencephalo,4
elder,4
duck,4
driving,4
dries,4
draw,4
don't,4
dining,4
deer,4
dare,4
cyclo,4
crew,4
court,4
counte,4
corner,4
copper,4
common,4
collar,4
clam,4
cine,4
cheese,4
centre,4
carving,4
cacao,4
brother,4
bridle,4
breech,4
brandy,4
boxing,4
booby,4
bees,4
base,4
barley,4
ballet,4
I,4
D,4
B,4
yule,3
witness,3
willow,3
went,3
weed,3
volley,3
turning,3
trend,3
tree,3
trade,3
tower,3
torpedo,3
toning,3
toll,3
thorough,3
thirdr,3
tent,3
synchro,3
stud,3
stove,3
story,3
sticking,3
steering,3
steeple,3
station,3
state,3
sprit,3
soap,3
smooth,3
slave,3
skew,3
skating,3
simple,3
shade,3
scrum,3
scrap,3
roll,3
reading,3
racial,3
printing,3
praisew,3
praise,3
port,3
poly,3
pocket,3
pock,3
osteo,3
oar,3
neo,3
mole,3
minding,3
minders,3
minder,3
mince,3
meeting,3
mealy,3
major,3
lower,3
longest,3
longer,3
lion,3
leap,3
laughing,3
lantern,3
jumb,3
jeremi,3
hundred,3
hour,3
hind,3
fowl,3
food,3
farmers,3
farmer,3
extra,3
equi,3
entrance,3
engine,3
drying,3
dried,3
dirt,3
dicky,3
cumulo,3
contra,3
cheap,3
charges,3
charge,3
carry,3
carrier,3
breeze,3
breeches,3
bolt,3
boiler,3
blackamo,3
beet,3
beach,3
N,3
G,3
Christmas,3
Black,3
you'll,2
yew,2
yellow,2
yacht,2
wou,2
worstoff,2
worseoff,2
worse,2
wormgears,2
woodcutters,2
woodcutter,2
wishing,2
wish,2
wisdomtooth,2
wisdomteeth,2
windowshopping,2
windowshopped,2
windings,2
willed,2
wildc,2
why'll,2
who'll,2
whiz,2
whistle,2
whist,2
whirlwi,2
whirli,2
whirl,2
where'll,2
when'll,2
what'll,2
wet,2
welter,2
weighing,2
weigh,2
weak,2
we'll,2
wate,2
walkiet,2
walkie,2
waiting,2
vine,2
vigilant,2
vent,2
vapour,2
vantage,2
v,2
used,2
ultra,2
typing,2
typically,2
typical,2
typewriters,2
typewriter,2
twelve,2
turboj,2
trustw,2
troop,2
trigger,2
tramp,2
training,2
traction,2
tortoise,2
topping,2
topped,2
toneless,2
tonality,2
tonal,2
todos,2
tilt,2
tiger,2
tiebreaks,2
tiebreakers,2
tiebreaker,2
tide,2
ticket,2
ticker,2
throttle,2
tholepi,2
thick,2
they'll,2
there'll,2
thence,2
that'll,2
thank,2
tenpi,2
tennis,2
tender,2
telltal,2
teen,2
taxcollec,2
tank,2
tally,2
taletell,2
talebear,2
tabbyc,2
swizzle,2
swim,2
swear,2
swan,2
sunshine,2
suit,2
suck,2
stumbling,2
stretcher,2
stress,2
strangle,2
store,2
stool,2
stony,2
stonecutters,2
stonecutter,2
stonebreakers,2
stonebreaker,2
stirrup,2
stickpi,2
stern,2
starve,2
starryeyed,2
stapling,2
stall,2
stake,2
stag,2
sprocket,2
sponge,2
spoke,2
spoil,2
spinning,2
sperm,2
spend,2
sparring,2
sparking,2
spark,2
spa,2
sou'wes,2
sneak,2
snaffle,2
smelling,2
slouch,2
sling,2
sleut,2
sleigh,2
slee,2
sledge,2
slate,2
slag,2
skull,2
skittlepi,2
skiffle,2
sidedrums,2
shuttle,2
shrew,2
showwindows,2
shower,2
showdowns,2
showboats,2
should,2
shortest,2
shorter,2
shopwindows,2
shod,2
sheath,2
she'll,2
shaving,2
sewe,2
servo,2
servicemen,2
serio,2
sergeant,2
seismo,2
secretary,2
season,2
seamanlike,2
seaboats,2
seabirds,2
scuff,2
scrubbing,2
scribbling,2
screen,2
screech,2
scout,2
scarfpi,2
scarecro,2
scallop,2
scaling,2
saxophonists,2
saxophonist,2
saxophones,2
saxophone,2
savings,2
savi,2
sausager,2
safebreakers,2
safebreaker,2
rump,2
rum,2
route,2
roundel,2
rollingpi,2
rogu,2
reef,2
record,2
reception,2
receiving,2
reaping,2
rasp,2
rapier,2
rangefi,2
racing,2
racially,2
rabble,2
quiz,2
quill,2
pussyc,2
punching,2
pulley,2
puff,2
propj,2
property,2
prompt,2
profit,2
proces,2
postbags,2
poorr,2
pony,2
poll,2
poke,2
point,2
plastic,2
plant,2
plain,2
plagues,2
pike,2
pigpens,2
pigboats,2
piano,2
phono,2
pew,2
petti,2
penta,2
penn',2
pathfi,2
pastry,2
passion,2
parrot,2
parlour,2
parallelo,2
panni,2
palette,2
paint,2
pains,2
pain,2
paddy,2
packing,2
opium,2
onesidedness,2
onesidedly,2
onesided,2
olive,2
offdays,2
odd,2
oak,2
o's,2
nursing,2
nursem,2
nurs,2
number,2
num,2
nosebags,2
nonce,2
ninepi,2
nightwatchmen,2
nightwatchman,2
nightbirds,2
newly,2
nest,2
neighbour,2
neap,2
nanny,2
muzz,2
mouse,2
moto,2
mooring,2
moo,2
mizzen,2
mitre,2
misdemean,2
mini,2
merm,2
mean,2
marshalling,2
marsh,2
marrow,2
marline,2
mari,2
maple,2
manic,2
maidserv,2
lurking,2
loverlike,2
lovebirds,2
loss,2
loop,2
loony,2
look,2
longhaired,2
longbows,2
longboats,2
loin,2
locust,2
living,2
liveli,2
linden,2
lily,2
liking,2
likemindedness,2
lifeboats,2
lieder,2
leave,2
leading,2
lead,2
lazy,2
layerc,2
layer,2
late,2
laryngo,2
lark,2
lady'sm,2
knuckle,2
know,2
knitting,2
knitti,2
kite,2
kidney,2
keep,2
justices,2
justice,2
joss,2
jog,2
jig,2
jaw,2
jaunting,2
it'll,2
insect,2
income,2
identi,2
icing,2
ichneumon,2
icebreakers,2
icebreaker,2
iceboats,2
hyper,2
hunting,2
hub,2
how'll,2
holly,2
hobble,2
highmindedness,2
highmindedly,2
highly,2
highlanders,2
highlander,2
hiding,2
hexa,2
here'll,2
hence,2
hemming,2
heaven,2
he'll,2
hatpi,2
halfbloods,2
hairoils,2
hairdos,2
hair'sbreadth,2
hack,2
gunny,2
gunboats,2
guild,2
great,2
glory,2
ghost,2
geo,2
gasbags,2
gambling,2
further,2
funny,2
fund,2
frost,2
fret,2
freight,2
franking,2
foursomes,2
fourposters,2
fourposter,2
found,2
fortune,2
fortnights,2
fortnightly,2
fortnight,2
flor,2
floorw,2
flick,2
fledg,2
flare,2
flame,2
fisti,2
fiddle,2
feeding,2
faultfi,2
fatigue,2
fastness,2
false,2
fairytal,2
exhaust,2
elk,2
ejector,2
eightsomes,2
eightsome,2
echo,2
ebb,2
eardrums,2
dung,2
dump,2
ducking,2
drug,2
dru,2
dropping,2
driesteyed,2
driereyed,2
drib,2
dread,2
drawingpi,2
drainage,2
dragon,2
doub,2
doodle,2
dogooders,2
dogooder,2
dogeared,2
dogdays,2
dog'stooth,2
dog'steeth,2
dock,2
dividend,2
directionfi,2
deepest,2
deeper,2
deed,2
darni,2
dairym,2
curli,2
cuckoo,2
crypto,2
cryb,2
cruet,2
crow's,2
crochet,2
creepy,2
crank,2
crane,2
cran,2
could,2
corks,2
cooling,2
conveyer,2
combination,2
coffer,2
cockle,2
coaling,2
coach,2
clover,2
closest,2
clod,2
cliff,2
clasp,2
clangor,2
civetc,2
citys,2
circum,2
circ,2
cinemato,2
cinder,2
cider,2
chrono,2
cheer,2
cheek,2
change,2
chamberm,2
cement,2
cave,2
catchment,2
carrioncro,2
burr,2
burgl,2
bur,2
bung,2
bumbl,2
brunches,2
brunch,2
broom,2
broadmindedness,2
broadmindedly,2
brigadier,2
brief,2
breathing,2
breakfasts,2
breakfasting,2
breakfasted,2
bragg,2
bond,2
boiling,2
boardw,2
boaconstrict,2
blunder,2
bluebirds,2
bluebags,2
bloodymindedness,2
bloodyminded,2
blockade,2
blast,2
blamew,2
blame,2
blae,2
blackjacks,2
blackbirds,2
blabber,2
birthdays,2
birdbrained,2
bird'seye,2
birch,2
billposting,2
billposters,2
billposter,2
bile,2
bigwi,2
belayingpi,2
bearskins,2
bearskin,2
bay,2
basket,2
bantam,2
banning,2
banian,2
bald,2
balances,2
balance,2
baking,2
badlyoff,2
baa,2
astro,2
arse,2
arc,2
alongside,2
ain't,2
agora,2
afterlives,2
adventuresome,2
adding,2
Yemen,2
X,2
Uboats,2
Qatar,2
Pakistan,2
Oman,2
O,2
Nepal,2
Lady,2
Kuwait,2
Kashmir,2
J,2
Israel,2
Iraq,2
I'll,2
Gstrin,2
Free,2
Bhutan,2
Bengal,2
Bangladesh,2
Bahrain,2
Ameri,2
Afrowi,2
AfroA,2
Afghanistan,2
zipfasteners,1
zipfastener,1
youall,1
you've,1
you're,1
you',1
yobbos,1
yobbo,1
yachtswomen,1
yachtswoman,1
x's,1
wrongdoers,1
wrongdoer,1
writinginks,1
wouldst,1
worth,1
worstbehaved,1
worst,1
worsebehaved,1
worrisome,1
worming,1
wormiest,1
wormier,1
wormholes,1
wormhole,1
wormed,1
wormcasts,1
wormcast,1
worldlywise,1
workmanlike,1
workdays,1
workbags,1
workaday,1
woodworking,1
woodsheds,1
woodshed,1
woodpulp,1
woodpeckers,1
woodpecker,1
woodmen,1
woodlouse,1
woodlice,1
woodiest,1
woodier,1
woodenness,1
woodenly,1
woodenheaded,1
wooded,1
woodcrafts,1
woodcraft,1
woodblocks,1
wonderlands,1
wonderland,1
won't,1
womanly,1
womanliness,1
womankind,1
womanizing,1
womanizes,1
womanizers,1
womanizer,1
womanized,1
womanize,1
womanish,1
wizards,1
wizardry,1
wizard,1
wisest,1
wisely,1
wisecracks,1
wisecracking,1
wisecracked,1
wisecrack,1
wiseacres,1
wiseacre,1
wisdom,1
wirehaired,1
wintergreen,1
winningposts,1
winningpost,1
windowsills,1
windowsill,1
windowpanes,1
windowpane,1
windowboxes,1
windbreaks,1
windbreakers,1
windbreaker,1
windbags,1
wilt,1
willing,1
wilfulness,1
wilfully,1
wilful,1
wildlife,1
wild,1
wiggin,1
wifelike,1
widow,1
why've,1
why're,1
why',1
whooping,1
wholesomeness,1
wholesome,1
whole,1
who've,1
who're,1
whirlybirds,1
whirlybird,1
whippingtops,1
whippingtop,1
whippingposts,1
whippingpost,1
whippingboys,1
whippingboy,1
whetstones,1
whetstone,1
where've,1
where're,1
wher,1
when've,1
when're,1
when',1
what've,1
what're,1
whalingguns,1
whalinggun,1
whale,1
western,1
were,1
wel,1
weirdos,1
weirdo,1
weeknights,1
weeknight,1
weekends,1
weekending,1
weekenders,1
weekender,1
weekended,1
weekend,1
weekdays,1
weekday,1
wed,1
web,1
weaverbirds,1
weaverbird,1
wearisome,1
weakkneed,1
we've,1
we're,1
we',1
wavelengths,1
wavelength,1
waterbirds,1
watchwords,1
watchtowers,1
watchstraps,1
watchmen,1
watching,1
watchguards,1
watchglasses,1
watchfulness,1
watchful,1
watched,1
watchchains,1
wasp,1
washleathers,1
washingdays,1
washerwomen,1
washerwoman,1
washdays,1
warthogs,1
warthog,1
warmingpans,1
warmingpan,1
warmbloodedness,1
warmbloodedly,1
warmblooded,1
wantads,1
wantad,1
wanna,1
wander,1
wallpapering,1
wallpapered,1
vouchsafing,1
vouchsafes,1
vouchsafed,1
vouchsafe,1
vicelike,1
vibraphones,1
vibraphone,1
vibes,1
venturesomeness,1
venturesome,1
vaultinghorses,1
vaultinghorse,1
varic,1
vari,1
vacuum,1
v's,1
uppercuts,1
uppercut,1
upending,1
upended,1
untowardness,1
untowardly,1
unserviceable,1
unputdownable,1
unmindful,1
unlikely,1
unlikeliness,1
unlikelihood,1
unlikeliest,1
unlikelier,1
unlikeli,1
unhorsing,1
unhorsed,1
unhoped,1
unheardof,1
ungovernable,1
undreamtof,1
undreamedof,1
undone,1
undoing,1
undergoing,1
undergoes,1
undercutting,1
unbearably,1
unbearable,1
unbars,1
unbarring,1
unbarred,1
u's,1
typists,1
typist,1
typifying,1
typify,1
typifies,1
typified,1
typewrote,1
typewritten,1
typewrites,1
typewrite,1
typesetting,1
typesetters,1
typesetter,1
typescripts,1
typecasts,1
typecasting,1
typecast,1
tying,1
twosomes,1
twoplies,1
twopennyhalfpenny,1
twentyones,1
twentyone,1
tuningforks,1
tuningfork,1
tumbledown,1
tumble,1
tugboats,1
tugboat,1
tuckshops,1
tuckshop,1
tuckerbags,1
tuckerbag,1
trueloves,1
truelove,1
truelife,1
trueborn,1
truebor,1
trueblues,1
trueblue,1
trucklebeds,1
trucklebed,1
treadmills,1
treadmill,1
trawlnets,1
trawlnet,1
travel,1
trashcans,1
trashcan,1
transpolar,1
transomwindows,1
transomwindow,1
transcripts,1
transcript,1
trainbearers,1
trainbearer,1
tragi,1
tradesfolk,1
tracingpaper,1
toyshops,1
toyshop,1
towropes,1
townspeople,1
townsmen,1
townscapes,1
townees,1
townee,1
towncriers,1
towncrier,1
towingropes,1
towards,1
touchtyping,1
touchtypes,1
touchtyped,1
touchtype,1
touchstones,1
touchstone,1
totempoles,1
totempole,1
torpedoboats,1
topsecret,1
topsails,1
topranking,1
toppling,1
topples,1
toppled,1
topple,1
toppers,1
topnotch,1
topmost,1
topmasts,1
topmast,1
topless,1
topknots,1
tophole,1
topgallants,1
topgallant,1
topflight,1
topdresses,1
topdressed,1
topcoats,1
topboots,1
toothpicks,1
toothpastes,1
toothpaste,1
toothless,1
toothiest,1
toothier,1
toothcombs,1
toothcomb,1
toothbrushes,1
toothbrush,1
toothaches,1
toothache,1
tonics,1
tonic,1
tonepoems,1
tonepoem,1
tonelessly,1
tonalities,1
tomorrow,1
tommyguns,1
tommygun,1
tombstones,1
tombstone,1
tomboyish,1
tollbars,1
toilsome,1
toilettables,1
toilettable,1
toiletpaper,1
toilet,1
toffeenosed,1
toastingforks,1
toastingfork,1
tiresomely,1
tiresome,1
timetabling,1
timetabled,1
tightropes,1
tiepins,1
tiedyes,1
tiedyeing,1
tiedyed,1
threesomes,1
threehalfpences,1
threehalfpence,1
threadlike,1
thread,1
thousand,1
thistledown,1
thinskinned,1
thinnestskinned,1
thinnerskinned,1
thickskinned,1
thickestskinned,1
thickerskinned,1
they've,1
they're,1
they',1
thereinafter,1
there've,1
there're,1
theatregoers,1
theatregoer,1
that',1
terry,1
telephony,1
telephonists,1
telephonist,1
telephoning,1
telephoned,1
teething,1
teethes,1
teethed,1
teabreaks,1
teabags,1
tallboys,1
tallboy,1
talkingtos,1
talebearers,1
talebearer,1
take,1
tabulators,1
tabulator,1
tabulations,1
tabulation,1
tabulating,1
tabulates,1
tabulated,1
tabulate,1
tabular,1
tabling,1
tableware,1
tablets,1
tabletalk,1
tablespoonsful,1
tablespoons,1
tablespoonfuls,1
tablespoonful,1
tablerapping,1
tablemat,1
tablelifting,1
tableknives,1
tableknife,1
tablecloths,1
tablecloth,1
t's,1
synchrotrons,1
synchrotron,1
sylphlike,1
sweep,1
swan'sdown,1
swallow,1
surfboats,1
surfboat,1
supra,1
sundowners,1
sundowner,1
sugartongs,1
sugarrefinery,1
sugarrefineries,1
sugarlumps,1
sugarlump,1
sugarloaves,1
sugarloaf,1
sugarless,1
sugaring,1
sugariest,1
sugarier,1
sugared,1
sugardaddy,1
sugardaddies,1
sugarcoated,1
sugarcane,1
suckingpigs,1
suckingpig,1
suchlike,1
studfarms,1
strongmindedness,1
strongmindedly,1
strikebreakers,1
strikebreaker,1
stretcherbearers,1
stretcherbearer,1
straitjackets,1
straitjacket,1
straightedges,1
stopgoes,1
stonybroke,1
stonily,1
stoniest,1
stonier,1
stoneware,1
stonewalls,1
stonewalling,1
stonewallers,1
stonewaller,1
stonewalled,1
stonesober,1
stonemasons,1
stonemason,1
stonefruits,1
stonecold,1
stilllifes,1
stilllife,1
stillborn,1
stillbor,1
stillbirths,1
stillbirth,1
stiff,1
stickon,1
stepsons,1
stepsisters,1
stepparents,1
stepparent,1
stepladders,1
stepladder,1
stepfathers,1
stepfather,1
stepdaughters,1
stepdaughter,1
stepchildren,1
stepbrothers,1
steeplejacks,1
steamboats,1
steadfastness,1
steadfastly,1
steadfast,1
statesmanlike,1
starstudded,1
starry,1
starriest,1
starrier,1
starlit,1
starlets,1
starlet,1
starless,1
stargazing,1
stargazers,1
stargazer,1
stardom,1
starcrossed,1
starboards,1
starboarded,1
starboard,1
standoffishness,1
standoffishly,1
standoffish,1
standardbearers,1
standardbearer,1
stampinggrounds,1
stampingground,1
stalkinghorses,1
stalkinghorse,1
squinteyed,1
squash,1
sprayguns,1
spraygun,1
sportsmanlike,1
spokeswomen,1
spokeswoman,1
split,1
splinter,1
splend,1
spinster,1
spindrying,1
spindry,1
spindries,1
spindriers,1
spindrier,1
spindried,1
speedometers,1
speedometer,1
speedboats,1
speechdays,1
speechday,1
spear,1
spacebars,1
southsou,1
southern,1
soughtafter,1
songbirds,1
songbird,1
something,1
somehow,1
solids,1
soldierlike,1
solderingirons,1
solderingiron,1
socalled,1
snuffc,1
snuff,1
snubnosed,1
snotnosed,1
snaredrums,1
snaredrum,1
snapfasteners,1
snapfastener,1
snackbars,1
smallmindedness,1
sleepingbags,1
slantwise,1
skippingropes,1
skippingrope,1
skinny,1
skinning,1
skinniest,1
skinnier,1
skinned,1
skinless,1
skinheads,1
skingrafts,1
skingraft,1
skinful,1
skinflints,1
skindives,1
skindived,1
skimmed,1
ske,1
sixtyfour,1
situpons,1
situpon,1
singlemindedness,1
singlemindedly,1
silkworms,1
silkworm,1
signposting,1
signposted,1
signetrings,1
signetring,1
siding,1
sidewhiskers,1
sideways,1
sidewards,1
sidewalks,1
sidewalk,1
sideviews,1
sidetracks,1
sidetracking,1
sidetracked,1
sideswiping,1
sideswipes,1
sideswiped,1
sideswipe,1
sidestrokes,1
sidestroke,1
sidesplitting,1
sidesmen,1
sideslips,1
sideslipping,1
sideslipped,1
sidesaddles,1
sidesaddle,1
sidelines,1
sidelights,1
sidekicks,1
sideglances,1
sideglance,1
sidedishes,1
sidechapels,1
sidechapel,1
sidecars,1
sideburns,1
sideboards,1
sideboard,1
shuteye,1
showrooms,1
showroom,1
showplaces,1
showmen,1
showmanship,1
showjumping,1
showing,1
showiness,1
showily,1
showiest,1
showier,1
showed,1
showcases,1
showcase,1
showbusiness,1
shoveha'penny,1
shouldst,1
shopworn,1
shopwalkers,1
shopwalker,1
shopstewards,1
shopsteward,1
shopsoiled,1
shopping,1
shoppers,1
shopped,1
shoplifts,1
shoplifting,1
shoplifters,1
shoplifter,1
shoplifted,1
shoplift,1
shopkeepers,1
shopkeeper,1
shopfronts,1
shopbells,1
shopassistants,1
shopassistant,1
shoetrees,1
shoestrings,1
shoestring,1
shoeshines,1
shoeshine,1
shoelaces,1
shoelace,1
shoeing,1
shoehorns,1
shock,1
shipbreakers,1
shipbreaker,1
shewn,1
sheetlig,1
shatter,1
sharpesteyed,1
sharpereyed,1
sharkskins,1
sharkskin,1
shantytowns,1
shantytown,1
shan't,1
shamefacedly,1
shamefaced,1
shame,1
shalt,1
shaleoil,1
sha,1
sewergas,1
sewagefarms,1
sewagefarm,1
seventyeights,1
seventyeight,1
servicing,1
serviceably,1
serviceableness,1
serviceable,1
serviceability,1
sentrygo,1
selvages,1
selvage,1
selfgovernment,1
seismographs,1
seismograph,1
sedanchairs,1
sedanchair,1
seaworthy,1
seaweeds,1
seaways,1
seawards,1
seawalls,1
seaurchins,1
seaurchin,1
seasnakes,1
seasickness,1
seashores,1
seashore,1
seashells,1
seascapes,1
searovers,1
searover,1
searingirons,1
searingiron,1
seapowers,1
seaports,1
seaplanes,1
seamanship,1
sealskins,1
sealskin,1
sealions,1
sealing,1
sealevel,1
seakale,1
seagulls,1
seagull,1
seagoing,1
seagods,1
seagirt,1
seafronts,1
seafoods,1
seafaring,1
seacows,1
seabreezes,1
seabreams,1
seabream,1
seaborne,1
seaboards,1
seaboard,1
seaanimals,1
seaanimal,1
seaanemones,1
seaanemone,1
scrumhalves,1
scrumhalfs,1
scragends,1
scragend,1
schooldays,1
scatterbrains,1
scatterbrained,1
scatterbrain,1
sayso,1
sausagedogs,1
sausagedog,1
sausage,1
saucereyed,1
saucepans,1
saucepan,1
sauceboats,1
sauceboat,1
satinwood,1
sandpapering,1
sandpapered,1
sandbars,1
sandbags,1
sandbagging,1
sandbagged,1
sandalwood,1
salinometers,1
salinometer,1
saladoils,1
saladoil,1
saladdays,1
saintlike,1
saint'sdays,1
saint'sday,1
saint,1
sailingboats,1
sailboats,1
sagegreen,1
safetyvalves,1
safetyvalve,1
safetyrazors,1
safetypins,1
safetymatches,1
safetylocks,1
safetylamps,1
safetyfactors,1
safetyfactor,1
safetycurtains,1
safetycatches,1
safetybolts,1
safetybelts,1
safetybelt,1
safeness,1
safely,1
safekeeping,1
safeguards,1
safeguarding,1
safeguarded,1
safedeposit,1
safecrackers,1
safecracker,1
safeconducts,1
safeconduct,1
saddlebags,1
saddlebag,1
saddle,1
sackraces,1
sackrace,1
sack,1
sabretoothed,1
rye,1
rowingboats,1
rowboats,1
roping,1
ropiness,1
ropiest,1
ropier,1
ropeyarn,1
ropeyards,1
ropeways,1
ropewalks,1
ropewalkers,1
ropewalker,1
ropewalk,1
ropeladders,1
ropeladder,1
ropedancers,1
ropedancer,1
rollingmills,1
rollingmill,1
rolling,1
rockinghorses,1
rockinghorse,1
rockingchairs,1
rockingchair,1
roadworthy,1
roadworthiness,1
roadsters,1
roadsteads,1
roadstead,1
roadmetal,1
roadmenders,1
roadmender,1
roadmen,1
roadless,1
roadies,1
roadie,1
roadhouses,1
roadbooks,1
roadblocks,1
ringmasters,1
ringlets,1
ringlet,1
ringleaders,1
ringleader,1
ringing,1
ringfingers,1
ringers,1
ringer,1
ringed,1
rightmindedness,1
ricepaper,1
rhinestones,1
rhinestone,1
restraints,1
restraint,1
restdays,1
repotting,1
repotted,1
remakes,1
remade,1
redoing,1
redblooded,1
readin,1
razzle,1
razoredges,1
ravenhaired,1
rattlebrained,1
rainbows,1
railroading,1
railroaded,1
ragdays,1
ragday,1
ragbags,1
ragbag,1
racy,1
racists,1
racist,1
racism,1
raciness,1
racily,1
raciest,1
racier,1
racialists,1
racialist,1
racialism,1
racetracks,1
racers,1
racemeetings,1
racecourses,1
racecourse,1
quickeared,1
quarterdays,1
quarrelsome,1
puttingirons,1
puttingiron,1
puttinggreens,1
puttinggreen,1
pushbikes,1
pushbike,1
pureblooded,1
pureblood,1
pumicestone,1
pulsars,1
pulsar,1
pugnoses,1
pugnosed,1
pugnose,1
pugdogs,1
pugdog,1
puddingfaces,1
puddingface,1
prolongs,1
prolonging,1
prolonged,1
prolongations,1
prolongation,1
printinginks,1
presentday,1
prescripts,1
prescriptivists,1
prescriptivist,1
prescriptivism,1
prescriptively,1
prescriptive,1
powerboats,1
pottytrained,1
potty,1
pottrained,1
potting,1
pottiness,1
pottiest,1
pottier,1
pottery,1
potters,1
pottering,1
potteries,1
pottered,1
potted,1
pottages,1
pottage,1
potshots,1
potsherds,1
potsherd,1
potmen,1
potluck,1
pothunters,1
pothunter,1
pothouses,1
pothooks,1
pothook,1
potholing,1
potholes,1
potholers,1
potholer,1
pothole,1
potherbs,1
potherb,1
potheads,1
potbound,1
potboilers,1
potbellies,1
potbellied,1
postscripts,1
postpaid,1
postmistresses,1
postmistress,1
postmen,1
postmasters,1
postmarks,1
postmarking,1
postmarked,1
postmark,1
postings,1
posthaste,1
postgraduates,1
postgraduate,1
posted,1
postdating,1
postdates,1
postdated,1
postdate,1
postcodes,1
postcode,1
postchaises,1
postchaise,1
postboxes,1
postagestamps,1
postagestamp,1
positrons,1
positron,1
portents,1
portentously,1
portentous,1
portent,1
popshops,1
popshop,1
poppy,1
popguns,1
popgun,1
popeyed,1
pollingdays,1
poling,1
polevaults,1
polevaulting,1
polevaulters,1
polevaulter,1
polevaulted,1
polevault,1
polejumping,1
poleaxing,1
poleaxes,1
poleaxed,1
poleaxe,1
polarizing,1
polarizes,1
polarized,1
polarize,1
polarizations,1
polarization,1
polarity,1
polarities,1
polar,1
pokerfaces,1
pokerfaced,1
pokerface,1
poisongases,1
poisongas,1
plying,1
plusfours,1
plies,1
pliers,1
plied,1
pliantly,1
pliant,1
pliancy,1
pliable,1
pliability,1
pleasuregrounds,1
pleasureground,1
pleasureboats,1
pleasureboat,1
pleasure,1
playpens,1
plankbeds,1
plankbed,1
plainswomen,1
plainswoman,1
pitting,1
pitted,1
pitsaws,1
pitprops,1
pitprop,1
pitmen,1
pitheads,1
pitfalls,1
pitfall,1
pitchforks,1
pitchforking,1
pitchforked,1
pitchfork,1
pitchblackness,1
pitchblack,1
pinmo,1
pilotboats,1
pigtails,1
pigtailed,1
pigsty,1
piglets,1
piglet,1
pigheadedness,1
pigheadedly,1
pigheaded,1
piggybanks,1
piggybacks,1
piggishness,1
piggishly,1
piggish,1
piggiest,1
piggies,1
piggier,1
piggery,1
piggeries,1
piecing,1
piecemeal,1
piecegoods,1
picturecards,1
picturecard,1
photons,1
phoning,1
phonecalls,1
phonecall,1
phonebooths,1
phonebooth,1
peradventure,1
penstocks,1
penpushers,1
penpusher,1
pennyhalfpenny,1
pennyhalfpennies,1
penning,1
penned,1
pennames,1
penmen,1
penmanship,1
penknives,1
penknife,1
penfriends,1
penfriend,1
pebble,1
pearlfishery,1
pearlfisheries,1
peacockblue,1
paydays,1
pavingstones,1
pavingstone,1
pattypans,1
pattypan,1
pastyfaced,1
passersby,1
passerby,1
parkland,1
parish,1
pariahdogs,1
pariahdog,1
parent,1
parallelograms,1
parallelogram,1
paradegrounds,1
paradeground,1
paperweights,1
paperweight,1
paperknives,1
paperknife,1
papering,1
paperhangers,1
paperhanger,1
papered,1
paperclips,1
paperchases,1
paperchase,1
paperbacks,1
paperbacked,1
panty,1
pantiles,1
pantile,1
pantheists,1
pantheistic,1
pantheist,1
pantheism,1
panoptic,1
panning,1
pannikins,1
pannikin,1
panned,1
panhandling,1
panhandles,1
panhandlers,1
panhandler,1
panhandled,1
panhandle,1
pancrea,1
panchromatic,1
pancaking,1
pancakes,1
pancaked,1
pancake,1
pampas,1
palmoil,1
pallbearers,1
pallbearer,1
palefaces,1
paleface,1
packetboats,1
packetboat,1
oysterbars,1
oxygenizing,1
oxygenizes,1
oxygenized,1
oxygenize,1
oxygenating,1
oxygenates,1
oxygenated,1
oxygenate,1
oxygen,1
oxeyes,1
overmuch,1
overeats,1
overeaten,1
overeat,1
overdone,1
overdoing,1
overborne,1
overbears,1
overbearing,1
overbear,1
overalls,1
outsiders,1
outsider,1
outlandishness,1
outlandishly,1
outlandish,1
outgoing,1
outgoes,1
outer,1
outdone,1
outdoing,1
ought,1
otherwise,1
other,1
oscilloscopes,1
oscilloscope,1
oscillographs,1
oscillograph,1
operatingtables,1
operatingtable,1
openmindedness,1
openmindedly,1
openminded,1
openeyed,1
openended,1
onwards,1
onshore,1
onlicences,1
onlicence,1
oneidea'd,1
onearmed,1
oilwells,1
oiltankers,1
oiltanker,1
oilslicks,1
oilslick,1
oilsilk,1
oilrigs,1
oilpalms,1
oilpalm,1
oilpaintings,1
oilpainting,1
oilmen,1
oiling,1
oiliness,1
oiliest,1
oilier,1
oilfired,1
oilfields,1
oilers,1
oiler,1
oiled,1
oilcolours,1
oilcloth,1
oilcake,1
oilburners,1
oilburner,1
oilbearing,1
offshore,1
offsetting,1
offscourings,1
offprints,1
offpeak,1
offloads,1
offloading,1
offloaded,1
offload,1
offlicences,1
offlicence,1
offing,1
officebearers,1
officebearer,1
offhandedness,1
offhandedly,1
offhanded,1
offbeat,1
oddson,1
ocean,1
oarswomen,1
oarswoman,1
nymphomaniacs,1
nymphomaniac,1
nymphomania,1
nuzzling,1
nuzzles,1
nuzzled,1
nuzzle,1
nutty,1
nuttiness,1
nuttiest,1
nuttier,1
nutshells,1
nuthouses,1
nutcrackers,1
nutcracker,1
nutcases,1
nutcase,1
nutbutters,1
nutbrown,1
notwithsta,1
nosy,1
nosiness,1
nosiest,1
nosier,1
nosewheels,1
nosegays,1
nosegay,1
noseflutes,1
noseflute,1
nosedives,1
nosedived,1
nosecones,1
nosecone,1
nosebleeds,1
nosebleed,1
northern,1
noondays,1
nondescripts,1
nondescript,1
noblewomen,1
noblewoman,1
noblestminded,1
noblerminded,1
noblemindedness,1
noblemindedly,1
nobleminded,1
nitrogen,1
nine,1
nightstops,1
nightsticks,1
nightstick,1
nightshirts,1
nightshades,1
nightporters,1
nightporter,1
nightmarishness,1
nightmarishly,1
nightmarish,1
nightmares,1
nightmare,1
nightly,1
nightlines,1
nightlights,1
nightjars,1
nightjar,1
nighties,1
nightie,1
nighthawks,1
nighthawk,1
nightgowns,1
nightgown,1
nightfall,1
nightdresses,1
nightclubs,1
nightclub,1
nightcaps,1
nightcap,1
nightbells,1
newspapermen,1
newspaperman,1
newscasts,1
newscasters,1
newscaster,1
newscast,1
neutrons,1
neutron,1
networks,1
nettle,1
netting,1
netted,1
nether,1
need,1
nautchgirls,1
nautchgirl,1
nation,1
narrowmindedness,1
narrowmindedly,1
narrowminded,1
napkinrings,1
napkinring,1
namedays,1
must,1
muscle,1
muchness,1
much,1
mourningrings,1
mourningring,1
mourningbands,1
mourningband,1
mountaintops,1
mountaintop,1
mountainsides,1
mountainside,1
motorcyclists,1
motorcyclist,1
motorcycles,1
motorcycle,1
motorboats,1
motorbikes,1
motorbike,1
motherly,1
motherliness,1
motherless,1
mothering,1
mothered,1
most,1
moss,1
mosquitonets,1
mosquitonet,1
mosquito,1
more,1
monotony,1
monotonousness,1
monotonously,1
monotonous,1
moneyspinners,1
moneyspinner,1
moneyorders,1
moneyless,1
moneylenders,1
moneylender,1
moneygrubbing,1
moneygrubbers,1
moneygrubber,1
moneyed,1
moneychangers,1
moneychanger,1
moneyboxes,1
moneybags,1
mockingbirds,1
mockingbird,1
misgoverns,1
misgovernment,1
misgoverning,1
misgoverned,1
misgovern,1
mischiefmakers,1
mischiefmaker,1
mischief,1
misadventures,1
misadventure,1
minuteguns,1
minutegun,1
mindreaders,1
mindreader,1
mindlessness,1
mindlessly,1
mindless,1
mindfulness,1
mindful,1
mindexpanding,1
mindboggling,1
mindblowing,1
mindbending,1
millwrights,1
millwright,1
millwheels,1
millponds,1
millpond,1
milling,1
millibars,1
millhands,1
millers,1
miller,1
milled,1
milldams,1
milldam,1
millboard,1
milkbars,1
milestones,1
milestone,1
might,1
midons,1
midoffs,1
microelectronics,1
mettlesome,1
merrymakers,1
merrymaker,1
merry,1
meritocracy,1
meritocracies,1
merino,1
menfolk,1
medi,1
meddlesomeness,1
meddlesome,1
meadow,1
markswomen,1
markswoman,1
markingink,1
marketdays,1
manysidedness,1
manysided,1
maladministration,1
makeweights,1
makeweight,1
makeshifts,1
makeshift,1
makebelieve,1
mailboats,1
mailbags,1
maidenlike,1
maidenhair,1
machineguns,1
machinegun,1
macebearers,1
macebearer,1
lyrebirds,1
lyrebird,1
lynxeyed,1
lungfishes,1
lungfish,1
lung,1
lumberjacks,1
lowlanders,1
lowlander,1
lowestminded,1
lowest,1
lovetokens,1
lovetoken,1
lovestories,1
lovesongs,1
lovesong,1
loveseats,1
lovepotions,1
lovepotion,1
lovephiltres,1
lovephiltre,1
lovematches,1
lovely,1
lovelorn,1
loveliness,1
loveliest,1
lovelies,1
lovelier,1
loveletters,1
loveless,1
loveknots,1
lovefeasts,1
lovefeast,1
lovechildren,1
loveaffairs,1
loveaffair,1
lovable,1
lotuseaters,1
lotuseater,1
lopsided,1
lopeared,1
loose,1
lookalikes,1
lookalike,1
longwindedness,1
longwindedly,1
longwinded,1
longwearing,1
longways,1
longterm,1
longsuffering,1
longstops,1
longstanding,1
longsighted,1
longshoremen,1
longshoreman,1
longshore,1
longrange,1
longlived,1
longitudinally,1
longitudinal,1
longitudes,1
longitude,1
longish,1
longing,1
longhops,1
longheaded,1
longestterm,1
longestrange,1
longestlived,1
longerterm,1
longerrange,1
longerlived,1
longed,1
longdrawnout,1
longdistance,1
lonesome,1
lodestones,1
lodestone,1
lodestars,1
lodestar,1
lobsterpots,1
lobsterpot,1
loathsomeness,1
loathsomely,1
loathsome,1
loafsugar,1
lives,1
livelong,1
livebirths,1
livebirth,1
live,1
litterbags,1
litmuspaper,1
lissomness,1
lissomly,1
lissom,1
linotypes,1
linotype,1
linocuts,1
linocut,1
linkboys,1
linkboy,1
likenesses,1
likeness,1
likely,1
likelihood,1
likeliest,1
likelier,1
likeli,1
likable,1
lightsomeness,1
lightsomely,1
lightmindedness,1
lightmindedly,1
liftboys,1
liftboy,1
lifespans,1
lifespan,1
lifesized,1
lifesize,1
lifesavers,1
lifesaver,1
lifers,1
liferafts,1
liferaft,1
lifepreservers,1
lifepreserver,1
lifeoffices,1
lifelines,1
lifelessness,1
lifelessly,1
lifeless,1
lifeguards,1
lifegiving,1
lifebuoys,1
lifebuoy,1
lifebelts,1
lifebelt,1
lieabeds,1
lieabed,1
let',1
lengthways,1
lengthiness,1
lengthily,1
lengthiest,1
lengthier,1
lengthening,1
lengthened,1
legroom,1
legpulls,1
legpulling,1
legpull,1
legless,1
leggy,1
legginess,1
leggiest,1
leggier,1
lee,1
leathernecks,1
leathering,1
leatherette,1
leathered,1
leastwise,1
leantos,1
leanto,1
lazybones,1
lazing,1
laziness,1
lazily,1
laziest,1
lazier,1
lazes,1
lazed,1
laze,1
lawbreakers,1
lawbreaker,1
latterday,1
latchkeys,1
latchkey,1
last,1
largestminded,1
largerminded,1
largemindedness,1
largeminded,1
large,1
landwards,1
landsmen,1
landslips,1
landslides,1
landscaping,1
landscapes,1
landscaped,1
landowners,1
landmines,1
landmarks,1
landmark,1
landlubbers,1
landlubberly,1
landlubber,1
landlords,1
landlord,1
landlocked,1
landless,1
landladies,1
landholders,1
landholder,1
landfalls,1
landfall,1
landagents,1
landagent,1
ladybirds,1
ladder,1
lack,1
labour,1
l's,1
kolanuts,1
kolanut,1
knockkneed,1
knifeedges,1
knifeedge,1
kneeing,1
kneecaps,1
kneecapping,1
kneecapped,1
kneecap,1
kitbags,1
kitbag,1
kinswomen,1
kinswoman,1
kinsfolk,1
kingfishers,1
kingfisher,1
kinfolk,1
kinda,1
kid,1
kickoffs,1
keypunches,1
keynoting,1
keynotes,1
keynoted,1
keyless,1
keying,1
keyholes,1
keyhole,1
keyboards,1
keyboarders,1
keyboarder,1
keyboarded,1
keyboard,1
kettledrums,1
kettledrum,1
kerbstones,1
kerbstone,1
justiciary,1
justiciaries,1
jurywomen,1
jurywoman,1
junkshops,1
junkshop,1
junglelike,1
jetprop,1
jetblack,1
jeremiads,1
jellyfishes,1
jellyfish,1
jawbreakers,1
jawbreaker,1
jailbreaks,1
jailbreak,1
jailbirds,1
jailbird,1
jackrabbits,1
jackplanes,1
jackknives,1
jackknifing,1
jackknifes,1
jackknifed,1
jackknife,1
jackboots,1
jackasses,1
jackaroos,1
jackaroo,1
it',1
ironworks,1
ironware,1
ironmould,1
ironmongery,1
ironmongers,1
ironmongeries,1
ironmonger,1
ironing,1
ironfoundry,1
ironfoundries,1
ironed,1
ironclads,1
ironclad,1
irksome,1
ionosphere,1
iono,1
intonations,1
intonation,1
insiders,1
insider,1
inner,1
inkwells,1
inkstands,1
inkpads,1
inkpad,1
inkiness,1
inkily,1
inkiest,1
inkier,1
inked,1
inkbottles,1
infrar,1
inedibly,1
inedible,1
inedibility,1
illusing,1
illuses,1
illuse,1
illusage,1
illtreats,1
illtreatment,1
illtreating,1
illtreated,1
illtreat,1
illtimed,1
illtempered,1
illomened,1
illnesses,1
illness,1
illnatured,1
illmannered,1
illjudged,1
illhealth,1
illgotten,1
illfavoured,1
illfated,1
illdisposed,1
illbreeding,1
illbred,1
illassorted,1
illaffected,1
illadvised,1
icy,1
icily,1
iciest,1
icier,1
icetrays,1
icetray,1
iceskates,1
iceskaters,1
iceskater,1
iceskated,1
iceskate,1
icerinks,1
icerink,1
icepicks,1
icepacks,1
icemen,1
icelolly,1
icelollies,1
icehouses,1
icefloes,1
icefloe,1
icefields,1
icefalls,1
icefall,1
icecubes,1
icecube,1
icecreams,1
icecream,1
icecold,1
icecaps,1
icecap,1
iceboxes,1
icebound,1
iceaxes,1
iceaxe,1
hushmoney,1
hummingtops,1
hummingtop,1
hummingbirds,1
hummingbird,1
human,1
how've,1
how're,1
how',1
housebreakers,1
housebreaker,1
houseboats,1
hound'stooth,1
hotblooded,1
horsy,1
horsiness,1
horsiest,1
horsier,1
horsewhips,1
horsewhipping,1
horsewhipped,1
horsetrading,1
horseradishes,1
horseradish,1
horseponds,1
horsepond,1
horsemen,1
horsemanship,1
horselaughs,1
horselaugh,1
horseflies,1
horsechestnuts,1
horsechestnut,1
horseboxes,1
hookworms,1
hookworm,1
hooknosed,1
homefarms,1
holystoning,1
holystones,1
holystoned,1
holystone,1
holdalls,1
holdall,1
hogsheads,1
hoggish,1
hogging,1
hogged,1
hobbyhorses,1
hobbyhorse,1
hitherto,1
hillsides,1
hillside,1
highways,1
highwaymen,1
highwayman,1
highups,1
hightension,1
highstrung,1
highspirited,1
highsounding,1
highrise,1
highranking,1
highprincipled,1
highpriced,1
highpressuring,1
highpressures,1
highpressured,1
highpowered,1
highpitched,1
highoctane,1
highnesses,1
highness,1
highnecked,1
highlystrung,1
highlights,1
highlighting,1
highlighted,1
highlevel,1
highhandedness,1
highhandedly,1
highhanded,1
highgrade,1
highfrequency,1
highfrequencies,1
highflyers,1
highflyer,1
highflown,1
highfidelity,1
higheststrung,1
highestspirited,1
highestranking,1
highestpowered,1
highestoctane,1
highestlevel,1
highesthanded,1
highestgrade,1
higherstrung,1
higherspirited,1
higherranking,1
higherpowered,1
higheroctane,1
higherlevel,1
higherhanded,1
highergrade,1
highbrows,1
highballs,1
heyday,1
herring,1
heretofore,1
hereinafter,1
here've,1
here're,1
henroosts,1
henroost,1
henpecked,1
henparties,1
henhouses,1
hencoops,1
hencoop,1
henbanes,1
henbane,1
hellbent,1
heel,1
heather,1
having,1
havenots,1
haven't,1
hath,1
hatbands,1
hatband,1
harebrained,1
handsomest,1
handsomer,1
handsomely,1
handlebars,1
handlebar,1
handbags,1
halving,1
halves,1
halved,1
halve,1
halter,1
halfyearly,1
halfwittedly,1
halfwitted,1
halfwits,1
halfvolleys,1
halftruths,1
halftruth,1
halftracks,1
halftracked,1
halftimbered,1
halfsize,1
halfsisters,1
halfpennyworth,1
halfpennies,1
halfpence,1
halfmasts,1
halfmast,1
halfhours,1
halfhourly,1
halfholidays,1
halfheartedness,1
halfheartedly,1
halfhearted,1
halfhardy,1
halfcrowns,1
halfcrown,1
halfcrazed,1
halfcastes,1
halfcaste,1
halfbrothers,1
halfbreeds,1
halfbreed,1
halfbaked,1
halfbacks,1
hairtriggers,1
hairstylists,1
hairstylist,1
hairstyles,1
hairstyle,1
hairsprings,1
hairsplitting,1
hairslides,1
hairshirts,1
hairrestorers,1
hairrestorer,1
hairraising,1
hairpins,1
hairlines,1
hairless,1
hairiness,1
hairiest,1
hairier,1
hairgrips,1
hairdyes,1
hairdressers,1
hairdresser,1
haircloths,1
haircloth,1
hairbrushes,1
hairbrush,1
gunwales,1
gunwale,1
gunsmiths,1
gunsmith,1
gunshy,1
gunshots,1
gunrunning,1
gunrunners,1
gunrunner,1
gunrooms,1
gunroom,1
gunpoints,1
gunnery,1
gunners,1
gunner,1
gunmetal,1
gunmen,1
guncarriages,1
guncarriage,1
guestnights,1
guestnight,1
guardboats,1
groundsmen,1
groundsheets,1
groundrents,1
groundplans,1
groundplan,1
groundlessness,1
groundlessly,1
groundless,1
grounding,1
grounded,1
groundbait,1
grindstones,1
grindstone,1
gridirons,1
gridiron,1
greenstuff,1
greenrooms,1
greenroom,1
greenness,1
greenishness,1
greenish,1
greenhouses,1
greenhorns,1
greengrocery,1
greengrocers,1
greengroceries,1
greengrocer,1
greengages,1
greengage,1
greenflies,1
greenest,1
greenery,1
greener,1
greenbacks,1
grazinglands,1
grazingland,1
gravyboats,1
gravyboat,1
grapplingirons,1
grapplingiron,1
granny,1
grannies,1
governs,1
governorsgeneral,1
governorgeneral,1
governments,1
governmental,1
government,1
governing,1
governesses,1
governess,1
governed,1
governance,1
governable,1
govern,1
gotta,1
goodygoody,1
goodygoodies,1
goodtempered,1
goodness,1
goodneighbourliness,1
goodnaturedly,1
goodnatured,1
goodly,1
goodliest,1
goodlier,1
goodish,1
goodies,1
goodhumouredly,1
goodhumoured,1
goodfellowship,1
gonna,1
going,1
goggleeyed,1
gogetters,1
gogetter,1
goes,1
gocarts,1
glowworms,1
glowworm,1
glasscutters,1
glasscutter,1
girlishness,1
girlishly,1
girlish,1
girlie,1
girlfriends,1
girlfriend,1
giltedged,1
gentlewomen,1
gentlewoman,1
gentlefolk,1
gentle,1
gearshifts,1
gearshift,1
gearing,1
geared,1
gearcases,1
gearcase,1
gearboxes,1
gasworks,1
gassy,1
gasstoves,1
gasstations,1
gassiness,1
gassiest,1
gassier,1
gasses,1
gassed,1
gasovens,1
gasmeters,1
gasmeter,1
gasmen,1
gasmasks,1
gasmask,1
gaslights,1
gasifying,1
gasify,1
gasifies,1
gasified,1
gasifications,1
gasification,1
gasholders,1
gasholder,1
gashelmets,1
gashelmet,1
gasfittings,1
gasfitting,1
gasfitters,1
gasfitter,1
gases,1
gaseous,1
gasengines,1
gascookers,1
gascooker,1
gasbrackets,1
gasbracket,1
garden,1
garbagecans,1
garbagecan,1
gaptoothed,1
gamingtables,1
gamingtable,1
gaming,1
gamebirds,1
gamebags,1
gallstones,1
gallstone,1
gallowsbirds,1
gallowsbird,1
fulsomeness,1
fulsomely,1
fulsome,1
fullbloodedness,1
fullblooded,1
fuckall,1
frypans,1
frypan,1
fryingpans,1
fryingpan,1
frolicsome,1
freezedrying,1
freezedry,1
freezedries,1
freezedried,1
freewheels,1
freewheeling,1
freewheeled,1
freeways,1
freetraders,1
freetrader,1
freethinking,1
freethinkers,1
freethinker,1
freestyle,1
freestanding,1
freest,1
freespoken,1
freerange,1
freemen,1
freemasonry,1
freely,1
freeloads,1
freeloading,1
freeloaders,1
freeloader,1
freeloaded,1
freeload,1
freelivers,1
freeliver,1
freelists,1
freelancing,1
freelances,1
freelancers,1
freelancer,1
freelanced,1
freelance,1
freeing,1
freeholds,1
freeholders,1
freeholder,1
freehold,1
freehanded,1
freefloating,1
freefalls,1
freefall,1
freedwomen,1
freedwoman,1
freedoms,1
freedom,1
freebooters,1
freebooter,1
freeboards,1
freeboard,1
frankin,1
fowlingpieces,1
fowlingpiece,1
fourwheelers,1
fourwheeler,1
fourths,1
fourthly,1
fourteenths,1
fourteenth,1
fourteens,1
fourpounders,1
fourpounder,1
fourpences,1
fourpence,1
fourfooted,1
fourfold,1
foureyes,1
fountainpens,1
fountainpen,1
foundationstones,1
foundationstone,1
forklifts,1
forklift,1
forking,1
forkfuls,1
forkful,1
forked,1
forebears,1
forebear,1
folkways,1
folktales,1
folklorists,1
folklorist,1
folklore,1
folkdances,1
folda,1
foam,1
flyfished,1
flybys,1
flowerpots,1
flowerpot,1
flowergirls,1
flowergirl,1
flowerbeds,1
flowerbed,1
flourmills,1
flourmill,1
fleabags,1
flapjacks,1
flapjack,1
flagdays,1
five,1
fishwives,1
fishwife,1
fishslices,1
fishslice,1
fishplates,1
fishpaste,1
fishmongers,1
fishmonger,1
fishknives,1
fishknife,1
fishiest,1
fishier,1
fishhooks,1
fishhook,1
fishery,1
fishers,1
fishermen,1
fisherman,1
fisheries,1
fisher,1
fished,1
fishcakes,1
fishcake,1
fishbones,1
firstborns,1
firebreaks,1
firebirds,1
fibre,1
fetedays,1
feteday,1
ferryboats,1
ferryboat,1
ferro,1
feedbags,1
feedbag,1
feebleminded,1
featherbrained,1
feastdays,1
feastday,1
fearsome,1
fatherlands,1
fatherland,1
father,1
fastnesses,1
fastest,1
faster,1
fastening,1
fasteners,1
fastener,1
fastened,1
fasted,1
farmyards,1
farmsteads,1
farmstead,1
farming,1
farmhouses,1
farmhands,1
farmed,1
fancyfree,1
fallow,1
fait,1
fairylands,1
fairyland,1
fairminded,1
fairgrounds,1
fairground,1
failsafe,1
fagends,1
fagend,1
facials,1
facially,1
facial,1
facesaving,1
facesavers,1
facesaver,1
facers,1
facepowders,1
facepacks,1
facelifts,1
faceliftings,1
facelifting,1
facelift,1
faceless,1
facecreams,1
facecream,1
facecloths,1
facecloth,1
faceache,1
eyewitnesses,1
eyestrain,1
eyesores,1
eyesore,1
eyeshadow,1
eyeopeners,1
eyeopener,1
eyelids,1
eyelid,1
eyelets,1
eyelet,1
eyeless,1
eyelashes,1
eyelash,1
eyeing,1
eyeglasses,1
eyefuls,1
eyeful,1
eyedrops,1
eyecups,1
eyecatchingly,1
eyecatching,1
eyebrows,1
eyebaths,1
eyeballs,1
evilmindedness,1
evilmindedly,1
evilminded,1
evildoers,1
evildoer,1
evil,1
ethnography,1
ethnographically,1
ethnographic,1
ethnographers,1
ethnographer,1
epoch,1
endways,1
endlessly,1
endless,1
ending,1
ended,1
enamel,1
embedding,1
embedded,1
else,1
elongations,1
elongation,1
elongating,1
elongates,1
elongated,1
elongate,1
eleven,1
electrons,1
electronics,1
electronic,1
eighty,1
eights,1
eightpenny,1
eightpences,1
eightpence,1
eighties,1
eighths,1
eighth,1
eighteenths,1
eighteenth,1
eighteens,1
eighteen,1
eight,1
eiderdowns,1
eiderdown,1
edibles,1
edible,1
edibility,1
edgy,1
edging,1
edgily,1
edgiest,1
edgier,1
edgeways,1
eats,1
eaten,1
eatables,1
eatable,1
easy,1
eastern,1
earwigs,1
eartrumpets,1
eartrumpet,1
earplugs,1
earnestmoney,1
earmuffs,1
earmuff,1
earmarks,1
earmarking,1
earmarked,1
earmark,1
early,1
earlobes,1
earlobe,1
earful,1
eared,1
eardrops,1
earaches,1
earache,1
eagleeyed,1
dutyfree,1
drywalling,1
dryness,1
dryers,1
dryer,1
drycleans,1
drycleaning,1
drycleaners,1
drycleaner,1
drycleaned,1
dryclean,1
drumsticks,1
drumstick,1
drumming,1
drummers,1
drummer,1
drummed,1
drummajors,1
drummajorettes,1
drummajorette,1
drumheads,1
drumbeats,1
drumbeat,1
drippingpans,1
drippingpan,1
dripdrying,1
dripdry,1
dripdries,1
dripdried,1
drily,1
driftwood,1
driftnets,1
driftnet,1
driftice,1
drier,1
dreamboats,1
draughthorses,1
draughthorse,1
dragnets,1
dragnet,1
downwards,1
downstairs,1
downrightness,1
downing,1
downiest,1
downier,1
downhill,1
downheartedly,1
downhearted,1
downgrading,1
downgrades,1
downgraded,1
downgrade,1
downers,1
downed,1
downdraughts,1
downdraught,1
downbeats,1
downbeat,1
doughnuts,1
doughnut,1
dost,1
dormerwindows,1
dormerwindow,1
donkeyjackets,1
donkeyjacket,1
don'tknows,1
doing,1
dogtrot,1
dogtired,1
dogsbodies,1
doggy,1
dogging,1
doggies,1
doggedness,1
doggedly,1
dogged,1
dogfights,1
dogfight,1
dogcollars,1
dogcatchers,1
dogcatcher,1
dogcarts,1
dogbiscuits,1
dogbiscuit,1
doeskins,1
doeskin,1
doers,1
doer,1
dixieland,1
divanbeds,1
divanbed,1
distraint,1
discarding,1
discarded,1
disbandment,1
disbanding,1
disbanded,1
didst,1
dickybirds,1
descents,1
descent,1
depthbombs,1
delft,1
delayed,1
defacements,1
defacement,1
deepseated,1
deeprooted,1
deepness,1
deepmined,1
deeply,1
deeplaid,1
deepfrozen,1
deepfroze,1
deepfreezes,1
deepfreeze,1
deepestseated,1
deepestrooted,1
deepestlaid,1
deeperseated,1
deeperrooted,1
deeperlaid,1
deepening,1
deepened,1
deckchairs,1
deckchair,1
debitsides,1
debitside,1
daysprings,1
dayschools,1
dayrooms,1
dayroom,1
dayreturns,1
daylightsaving,1
daylabourers,1
daylabourer,1
daydreams,1
daydreaming,1
daydreamers,1
daydreamer,1
daydreamed,1
daybooks,1
dairyfarms,1
dairyfarm,1
dairy,1
d'you,1
cyclotrons,1
cyclotron,1
cuttlefishes,1
cuttlefish,1
cutting,1
cutthroats,1
cutthroat,1
cutters,1
cutpurses,1
cutaways,1
curst,1
curry,1
curealls,1
cureall,1
cuppas,1
cuppa,1
cupboardlove,1
cupbearers,1
cupbearer,1
cumulonimbuses,1
cumulonimbus,1
cumulonimbi,1
cumbersome,1
cuddlesome,1
crownlands,1
crownland,1
crowbars,1
crowbar,1
crossbows,1
crossbars,1
crap,1
crackpots,1
crackpot,1
crackle,1
crackbrained,1
cowardice,1
couldst,1
couch,1
copingstones,1
copingstone,1
copestones,1
copestone,1
contrariwise,1
conjointly,1
conjoint,1
congresswomen,1
congresswoman,1
conceptually,1
conceptualizing,1
conceptualizes,1
conceptualized,1
conceptualize,1
conceptual,1
concepts,1
concept,1
complaints,1
complaint,1
commonorgarden,1
committeewomen,1
committeewoman,1
colourbars,1
coldblooded,1
coconuts,1
coconut,1
cobblestones,1
cobblestone,1
clearest,1
clearer,1
clearcut,1
clear,1
cleancut,1
clean,1
clang,1
cigars,1
christlike,1
chorusgirls,1
chorusgirl,1
choke,1
chocices,1
chocice,1
chocbars,1
chocbar,1
child's,1
chick,1
chewin,1
chapelgoers,1
chapelgoer,1
chamoisleathers,1
chamoisleather,1
chammyleathers,1
chammyleather,1
chammy,1
chammies,1
chamberpots,1
chamberpot,1
chalkpits,1
chalkpit,1
chairpersons,1
chairperson,1
chairmen,1
chairmanships,1
chairmanship,1
chairlifts,1
chairlift,1
chaired,1
cattle,1
carryalls,1
carrierbags,1
carpetbags,1
cardsharps,1
cardsharpers,1
cardsharper,1
cardpunches,1
carding,1
carded,1
cardcarrying,1
cardboard,1
carcinogens,1
carcinogen,1
carbonpapers,1
carbonpaper,1
cannot,1
canning,1
cannery,1
canneries,1
canned,1
canarybirds,1
canarybird,1
can't,1
camelhair,1
callgirls,1
callgirl,1
callboys,1
callboy,1
calfskin,1
calflove,1
cable'slengths,1
cable'slength,1
cabinetmakers,1
cabinetmaker,1
bywords,1
byways,1
byproducts,1
byproduct,1
bypaths,1
bypath,1
bypassing,1
bypasses,1
bypassed,1
bylines,1
bylaws,1
bygones,1
byelections,1
byelection,1
businesswomen,1
businesswoman,1
businesslike,1
buryinggrounds,1
buryingground,1
burialgrounds,1
burialground,1
burglar,1
burdensomeness,1
burdensome,1
bumboats,1
bumboat,1
bullyboys,1
bullyboy,1
bullterriers,1
bullterrier,1
bullet,1
bull'seyes,1
bull'seye,1
buggerall,1
bugbears,1
bugbear,1
brushwood,1
brownstones,1
brownstone,1
broken,1
broke,1
broadways,1
broadswords,1
broadsheets,1
broadness,1
broadly,1
broadlooms,1
broadloom,1
broadest,1
broader,1
broadening,1
broadened,1
broadcloth,1
broadcasts,1
broadcasting,1
broadcasters,1
broadcaster,1
broadcasted,1
broadcast,1
brimstone,1
breedinggrounds,1
breedingground,1
breakwaters,1
breakers,1
breaker,1
breakages,1
breakables,1
breakable,1
breadthways,1
brazenfaced,1
brandingirons,1
brandingiron,1
brake,1
brainwaves,1
brainwave,1
brainwashes,1
brainwashed,1
brainteasers,1
brainteaser,1
brainlessly,1
brainless,1
braining,1
braininess,1
brainiest,1
brainier,1
brainfag,1
brained,1
brainchildren,1
boyishness,1
boyishly,1
boyish,1
boyhoods,1
boyfriends,1
boyfriend,1
bowsprits,1
bowshots,1
bowmen,1
bowlinggreens,1
bowlinggreen,1
bowlines,1
bowing,1
bowerbirds,1
bowerbird,1
bowed,1
bothersome,1
bosseyed,1
borderlands,1
borderland,1
bootleggers,1
bootlegger,1
bootblacks,1
bookies,1
bookie,1
boo,1
boldfaced,1
boldface,1
boattrains,1
boattrain,1
boatswains,1
boatswain,1
boatmen,1
boating,1
boathouses,1
boathooks,1
boathook,1
boaters,1
boater,1
boated,1
bluish,1
bluing,1
bluestockings,1
bluestocking,1
bluest,1
blueprints,1
bluepencils,1
bluepencilling,1
bluepencilled,1
bluepencil,1
blueness,1
bluejays,1
bluejay,1
bluecoats,1
bluebottles,1
blueberry,1
blueberries,1
bluebells,1
blottingpaper,1
bloodvessels,1
bloodvessel,1
bloodtransfusions,1
bloodtransfusion,1
bloodthirsty,1
bloodthirstiness,1
bloodthirstily,1
bloodsuckers,1
bloodsucker,1
bloodstreams,1
bloodstains,1
bloodstained,1
bloodstain,1
bloodshed,1
bloodrelations,1
bloodrelation,1
bloodpressures,1
bloodpoisoning,1
bloodlust,1
bloodletting,1
bloodlessness,1
bloodlessly,1
bloodless,1
blooding,1
bloodiness,1
bloodily,1
bloodiest,1
bloodier,1
bloodhounds,1
bloodhound,1
bloodgroups,1
bloodgroup,1
blooded,1
blooddonors,1
blooddonor,1
bloodcurdling,1
bloodbaths,1
blithesome,1
blearyeyed,1
bleaching,1
blackthorns,1
blackthorn,1
blacksmiths,1
blacksmith,1
blackness,1
blackmails,1
blackmailers,1
blackmailer,1
blackmailed,1
blackly,1
blacklists,1
blacklisting,1
blacklisted,1
blackleads,1
blackleaded,1
blacking,1
blackheads,1
blackguards,1
blackguardly,1
blackguarding,1
blackguarded,1
blackest,1
blacker,1
blackening,1
blackened,1
blacked,1
blackcurrants,1
blackcurrant,1
blackboards,1
blackboard,1
blackberrying,1
blackberry,1
blackberries,1
blackbeetles,1
blackbeetle,1
blackballs,1
blackballing,1
blackballed,1
blackamoors,1
bitter,1
birthrights,1
birthrates,1
birthplaces,1
birthmarks,1
birthmark,1
birthcontrol,1
birdnesting,1
birdies,1
birdie,1
birdfanciers,1
birdfancier,1
birdcages,1
birdcage,1
bind,1
billycans,1
billycan,1
billstickers,1
billing,1
billhooks,1
billhook,1
billfolds,1
billfold,1
billed,1
billboards,1
billboard,1
bikes,1
biked,1
bike,1
bifurcations,1
bifurcation,1
bifurcating,1
bifurcates,1
bifurcated,1
bifurcate,1
bicyclists,1
bicyclist,1
bicycling,1
bicycles,1
bicycled,1
bicycle,1
betternatured,1
betterhumoured,1
bette,1
betelnuts,1
betelnut,1
bestnatured,1
besthumoured,1
bents,1
bent,1
benightedly,1
benighted,1
beggarwomen,1
beggarwoman,1
beetle,1
bedsteads,1
bedstead,1
bedspreads,1
bedsores,1
bedsore,1
bedsittingrooms,1
bedsittingroom,1
bedsitters,1
bedsitter,1
bedrooms,1
bedroom,1
bedrolls,1
bedridden,1
bedfellows,1
bedding,1
bedded,1
bedbugs,1
bearishness,1
bearishly,1
bearish,1
bearing,1
bearers,1
bearer,1
bearably,1
bearable,1
bartenders,1
barrowboys,1
barrowboy,1
barristers,1
barrister,1
barraging,1
barrages,1
barraged,1
barrage,1
barmaids,1
bargepoles,1
bargepole,1
barelegged,1
barefacedly,1
barefaced,1
bangon,1
bandylegged,1
bandwagon,1
bandstands,1
bandsmen,1
bandsaws,1
bandmasters,1
banding,1
banded,1
bandboxes,1
bandaging,1
bandages,1
bandaged,1
bagsful,1
bagpipes,1
baggy,1
bagging,1
baggiest,1
baggier,1
bagged,1
baggage,1
bagfuls,1
bagful,1
badness,1
badlybehaved,1
badly,1
awesome,1
atonally,1
assemblywomen,1
assemblywoman,1
arty,1
aren't,1
applejack,1
antigens,1
anthropo,1
always,1
altogether,1
although,1
altarpieces,1
altarpiece,1
already,1
almondeyed,1
almighty,1
allspice,1
allpurpose,1
allpowerful,1
allmains,1
allergens,1
allergen,1
afterwards,1
afterthoughts,1
aftertastes,1
aftertaste,1
aftershaves,1
aftershave,1
afternoons,1
afterglow,1
aftereffects,1
aftereffect,1
afterdamp,1
adverbs,1
adverbials,1
adverbially,1
adverbial,1
adverb,1
adventurously,1
adventurous,1
adventuring,1
adventuresses,1
adventuress,1
adventures,1
adventurers,1
adventurer,1
adventured,1
adventure,1
adult,1
adrenalin,1
adrenal,1
adopts,1
adoptive,1
adoptions,1
adoption,1
adopting,1
adopted,1
adopt,1
admixtures,1
admixture,1
admixing,1
admixes,1
admixed,1
admix,1
administrators,1
administrator,1
administratively,1
administrative,1
administrations,1
administration,1
administers,1
administering,1
administered,1
administer,1
admen,1
adjudging,1
adjudges,1
adjudged,1
adjudge,1
adjoins,1
adjoining,1
adjoined,1
adjoin,1
addlebrained,1
addle,1
accident,1
absentmindedness,1
absentmindedly,1
absentminded,1
Y,1
Xrays,1
Xray,1
Vsigns,1
Vnecks,1
Vnecked,1
Uturns,1
Twelfthnights,1
Twelfthnight,1
Tsquares,1
Tshirts,1
Tjunctions,1
Tjunction,1
Tbones,1
Scotswomen,1
Scotswoman,1
Scotchwomen,1
Scotchwoman,1
Punjab,1
Noncon,1
Lplates,1
Ldrivers,1
Ldriver,1
Irishwomen,1
Irishwoman,1
Indo,1
I've,1
Hindustan,1
Gmen,1
Frenchwomen,1
Frenchwoman,1
Freemasons,1
Freemason,1
Englishwomen,1
Englishwoman,1
Cuckoo,1
Chinatowns,1
Chinatown,1
Blackshirts,1
Bathchairs,1
Bathchair,1
Arguseyed,1
Anglo,1
've,1
'twoul,1
'twill,1
'll,1
