i,1317
e,1160
n,907
a,823
o,510
s,360
t,338
l,286
u,240
g,222
p,183
r,177
d,176
m,113
b,93
gin,82
c,72
h,38
v,34
f,34
k,18
ngi,11
y,8
w,8
ulf,6
lfi,6
fession,6
chu,6
ayd,6
z,5
oofr,5
natio,5
lfu,5
tmas,4
thr,4
ookbi,4
lhau,4
lab,4
snes,3
kmar,3
itud,3
feli,3
etari,3
ywa,2
weeps,2
ventye,2
untero,2
ubt,2
troo,2
tral,2
tn',2
tmen,2
tcoa,2
tchmenta,2
ste,2
smi,2
sma,2
shou,2
rto,2
ringpar,2
ringa,2
rboa,2
pflo,2
owderp,2
ornc,2
orldw,2
onguet,2
olica,2
ocl,2
obg,2
npi,2
npe,2
nla,2
ngpi,2
ndscreenwi,2
nda,2
mpu,2
lica,2
layerp,2
ingwi,2
hops,2
hac,2
glin,2
gesta,2
etyf,2
eston,2
epip,2
eom,2
ellw,2
elfs,2
ehol,2
ehiv,2
eepycr,2
edov,2
earwo,2
bitb,2
arw,2
alr,2
alfh,2
weets,1
tgu,1
ssne,1
soni,1
sfour,1
rowr,1
risr,1
reef,1
reedyg,1
racklec,1
pindles,1
pha,1
owd,1
ouls,1
oubl,1
oodl,1
ockt,1
ockd,1
oEurope,1
nockk,1
ningsr,1
neso,1
ndha,1
mellings,1
lfse,1
lfe,1
kwor,1
knick,1
ipr,1
inketycl,1
hells,1
ful,1
ftso,1
froA,1
epap,1
eov,1
elin,1
eir,1
easuretr,1
eanl,1
ciences,1
bination,1
aultf,1
actf,1
ablet,1
abbler,1
a',1
