s,27906
e,19106
,13573
ing,4578
i,4397
er,4336
ed,4300
t,3577
ly,2143
y,1967
n,1189
al,984
ness,979
ion,945
r,924
d,880
l,639
a,625
ic,613
ation,504
c,452
ful,451
less,359
ate,359
ous,351
ize,344
ist,312
g,312
k,293
f,288
able,257
ive,242
ment,240
or,223
ity,217
ish,200
th,155
man,155
men,149
ism,149
o,140
ve,134
house,129
age,129
izing,112
ization,100
ities,91
ably,87
head,82
way,74
line,73
room,72
ant,72
board,71
x,70
book,67
ship,62
us,58
ped,58
ance,58
ual,57
up,55
ping,54
ure,53
bed,50
work,46
hearted,46
per,41
stone,40
graph,39
ber,39
minded,36
ification,35
back,35
ur,34
pers,34
ian,34
's,32
time,31
ified,31
boy,31
bing,31
ifying,29
ify,29
ifies,29
ible,29
boxes,29
box,29
't,29
light,28
ball,27
some,26
jack,26
stick,23
skin,22
women,21
woman,21
land,21
cake,21
'd,21
pin,20
face,20
ability,20
sequent,18
ade,18
wood,17
bone,17
'll,17
tail,16
out,16
dom,16
trees,15
tree,15
days,15
day,15
cloth,15
ude,14
side,14
med,14
like,14
holes,14
hole,14
cat,14
boats,14
boat,14
points,13
point,13
plate,13
ibility,13
've,13
proof,12
pots,12
place,12
nuts,12
nut,12
ming,12
ibly,12
cut,12
ative,12
're,12
um,11
pot,11
mer,11
lock,11
fall,11
by,11
bound,11
ble,11
atory,11
song,10
posts,10
post,10
mills,10
mill,10
hood,10
bags,10
bag,10
yards,9
yard,9
uous,9
tide,9
saw,9
road,9
nail,9
masters,9
master,9
iron,9
horses,9
horse,9
h,9
guns,9
gun,9
flies,9
ving,8
tone,8
stands,8
stand,8
shops,8
shop,8
py,8
poles,8
pole,8
pits,8
pit,8
most,8
keepers,8
keeper,8
girls,8
girl,8
caps,8
cap,8
bly,8
bars,8
bar,8
bands,8
band,8
ancy,8
wire,7
water,7
storms,7
storm,7
pipes,7
pipe,7
pieces,7
piece,7
paper,7
nosed,7
lamps,7
lamp,7
knives,7
knife,7
ivity,7
handed,7
hand,7
glasses,7
flowers,7
flower,7
fields,7
field,7
ew,7
coats,7
coat,7
chairs,7
chair,7
cases,7
case,7
wise,6
wards,6
ward,6
sighted,6
shells,6
shell,6
rods,6
rod,6
piest,6
pier,6
ology,6
my,6
marks,6
mark,6
makers,6
maker,6
formity,6
footed,6
drops,6
drop,6
dried,6
dogs,6
dog,6
birds,6
bird,6
bearers,6
bearer,6
worms,5
worm,5
witted,5
wings,5
wing,5
ware,5
vable,5
tops,5
top,5
therapy,5
therapists,5
therapist,5
tchers,5
tcher,5
spoken,5
smiths,5
smith,5
shot,5
self,5
readers,5
reader,5
phonic,5
penny,5
pans,5
pan,5
ought,5
mongers,5
monger,5
mates,5
mate,5
making,5
machines,5
machine,5
itude,5
igible,5
hangers,5
hanger,5
grounds,5
ground,5
goers,5
goer,5
gardens,5
garden,5
foot,5
flashes,5
flash,5
esque,5
drying,5
down,5
craft,5
cocks,5
cock,5
blooded,5
biest,5
bier,5
bells,5
worthy,4
words,4
word,4
where,4
wheels,4
wheel,4
weights,4
weight,4
weed,4
watches,4
watch,4
walkers,4
walker,4
ular,4
tempered,4
taxes,4
tax,4
suits,4
suit,4
stuff,4
stroke,4
stools,4
stool,4
steps,4
step,4
sm,4
shoes,4
shoe,4
sequence,4
screws,4
screw,4
runs,4
run,4
reading,4
rails,4
rail,4
races,4
race,4
ps,4
planes,4
plane,4
phones,4
phone,4
pences,4
pence,4
paths,4
path,4
party,4
parties,4
p,4
oil,4
night,4
necked,4
ms,4
more,4
money,4
miest,4
mier,4
meters,4
meter,4
m,4
long,4
logy,4
logists,4
logist,4
logies,4
logical,4
life,4
leaf,4
joint,4
icides,4
icide,4
horns,4
horn,4
hooks,4
hook,4
guards,4
guard,4
going,4
glass,4
formists,4
formist,4
fold,4
fire,4
finals,4
final,4
eholders,4
eholder,4
course,4
corn,4
conscious,4
conductors,4
conductor,4
collectors,4
collector,4
clubs,4
club,4
brush,4
breaks,4
breakers,4
breaker,4
break,4
bowls,4
bowl,4
black,4
bills,4
bill,4
bility,4
best,4
bell,4
beaters,4
beater,4
baths,4
bath,4
aires,4
aire,4
ws,3
worthiness,3
wear,3
w,3
ution,3
uating,3
uates,3
uated,3
uate,3
types,3
type,3
tropical,3
tracks,3
track,3
temporaneously,3
temporaneous,3
teeth,3
taking,3
